Cohort;Name;Site;Type;Year;act-lo;act-up;area-per-cap;cap-lo;cap-up;depreciation;detail;fix-cost;geometry;heatmax;heatupcost;hotstart;inst-cap;inv-cost;lambda;lifetime;max-grad;maxdeltaT;min-fraction;on-off;pdt;pot;precaponline;preheat;prepow;prestate;pretemp;rd;rdmax;reserve-cost;ru;rumax;sd;start-cost;su;var-cost;wacc;year_mu;year_stdev;eff;effmin;cotwo
2009,0;Simmering;CL04;Gas;2009,0;0,3;1;0;0;1272,0;30;5;21250;POINT (16.43375 48.18331);0,2;60;0;1272,0;850000;0,1;30;4,8;1;0,2;1;0;0;0;0;0;1;1;0,05;1;0;0,05;1;0,5;40;0,5;2,0;0,07;1990;8;0,5988023952095809;0,4273504273504274;0,17964071856287425
2001,0;Donaustadt;CL04;Gas;2001,0;0,3;1;0;0;347,0;30;5;21250;POINT (16.46315 48.19878);0,2;60;0;347,0;850000;0,1;30;4,8;1;0,2;1;0;0;0;0;0;1;1;0,05;1;0;0,05;1;0,5;40;0,5;2,0;0,07;1990;8;0,5988023952095809;0,4273504273504274;0,17964071856287425
1986,0;Mellach_fernheizkraftwerk;CL01;Coal;1986,0;0,4;1;0;0;246,0;40;5;40000;POINT (15.492162 46.908219);0,15;110;0;246,0;1600000;0,06;40;0,6;1;0,4;1;0;0;0;0;0;1;1;0,03;1;0;0,03;1;0,5;90;0,5;3,6;0,07;1975;5;0,390625;0,27932960893854747;0,359375
1987,0;Drnrohr;CL04;Coal;1987,0;0,4;1;0;0;704,0;40;5;40000;POINT (15.91977 48.32695);0,15;110;0;704,0;1600000;0,06;40;0,6;1;0,4;1;0;0;0;0;0;1;1;0,03;1;0;0,03;1;0,5;90;0,5;3,6;0,07;1975;5;0,390625;0,27932960893854747;0,359375
2008,0;Timelkam;CL05;Gas;2008,0;0,3;1;0;0;400,0;30;5;21250;POINT (13.59161 48.01256);0,2;60;0;400,0;850000;0,1;30;4,8;1;0,2;1;0;0;0;0;0;1;1;0,05;1;0;0,05;1;0,5;40;0,5;2,0;0,07;1990;8;0,5988023952095809;0,4273504273504274;0,17964071856287425
1958,0;Korneuburg;CL04;Gas;1958,0;0,3;1;0;0;150,0;30;5;21250;POINT (16.33981 48.33263);0,2;60;0;150,0;850000;0,1;30;4,8;1;0,2;1;0;0;0;0;0;1;1;0,05;1;0;0,05;1;0,5;40;0,5;2,0;0,07;1990;8;0,5988023952095809;0,4273504273504274;0,17964071856287425
2000,0;Leopoldau;CL04;Gas;2000,0;0,3;1;0;0;140,0;30;5;21250;POINT (16.4514275 48.2773776);0,2;60;0;140,0;850000;0,1;30;4,8;1;0,2;1;0;0;0;0;0;1;1;0,05;1;0;0,05;1;0,5;40;0,5;2,0;0,07;1990;8;0,5988023952095809;0,4273504273504274;0,17964071856287425
1987,0;Riedersbach;CL05;Coal;1987,0;0,4;1;0;0;223,0;40;5;40000;POINT (12.84165 48.03014);0,15;110;0;223,0;1600000;0,06;40;0,6;1;0,4;1;0;0;0;0;0;1;1;0,03;1;0;0,03;1;0,5;90;0,5;3,6;0,07;1975;5;0,390625;0,27932960893854747;0,359375
2001,0;Salzburg_mitte;CL00;Gas;2001,0;0,3;1;0;0;83,66;30;5;21250;POINT (13.03819 47.80929);0,2;60;0;83,66;850000;0,1;30;4,8;1;0,2;1;0;0;0;0;0;1;1;0,05;1;0;0,05;1;0,5;40;0,5;2,0;0,07;1990;8;0,5988023952095809;0,4273504273504274;0,17964071856287425
1970,0;Linz_mitte_fernheizkraftwerk;CL05;Gas;1970,0;0,3;1;0;0;217,0;30;5;21250;POINT (14.322935 48.299219);0,2;60;0;217,0;850000;0,1;30;4,8;1;0,2;1;0;0;0;0;0;1;1;0,05;1;0;0,05;1;0,5;40;0,5;2,0;0,07;1990;8;0,5988023952095809;0,4273504273504274;0,17964071856287425
2000,0;Thei;CL04;Gas;2000,0;0,3;1;0;0;800,0;30;5;21250;POINT (15.710147 48.394861);0,2;60;0;800,0;850000;0,1;30;4,8;1;0,2;1;0;0;0;0;0;1;1;0,05;1;0;0,05;1;0,5;40;0,5;2,0;0,07;1990;8;0,5988023952095809;0,4273504273504274;0,17964071856287425
2011,0;Mellach_kombikraftwerk;CL01;Gas;2011,0;0,3;1;0;0;832,0;30;5;21250;POINT (15.492162 46.908219);0,2;60;0;832,0;850000;0,1;30;4,8;1;0,2;1;0;0;0;0;0;1;1;0,05;1;0;0,05;1;0,5;40;0,5;2,0;0,07;1990;8;0,5988023952095809;0,4273504273504274;0,17964071856287425
1975,0;Lenzing;CL05;Coal;1975,0;0,4;1;0;0;64,3239015883374;40;5;40000;POINT (13.6201 47.9767);0,15;110;0;64,3239015883374;1600000;0,06;40;0,6;1;0,4;1;0;0;0;0;0;1;1;0,03;1;0;0,03;1;0,5;90;0,5;3,6;0,07;1975;5;0,390625;0,27932960893854747;0,359375
1994,0;Salzburg_nord;CL00;Gas;1994,0;0,3;1;0;0;13,5;30;5;21250;POINT (13.03398 47.82744);0,2;60;0;13,5;850000;0,1;30;4,8;1;0,2;1;0;0;0;0;0;1;1;0,05;1;0;0,05;1;0,5;40;0,5;2,0;0,07;1990;8;0,5988023952095809;0,4273504273504274;0,17964071856287425
1993,0;Linz_sd_fernheizkraftwerk;CL05;Gas;1993,0;0,3;1;0;0;172,0;30;5;21250;POINT (14.346898 48.267893);0,2;60;0;172,0;850000;0,1;30;4,8;1;0,2;1;0;0;0;0;0;1;1;0,05;1;0;0,05;1;0,5;40;0,5;2,0;0,07;1990;8;0,5988023952095809;0,4273504273504274;0,17964071856287425
2000,0;Wels_fernheizkraftwerk;CL05;Gas;2000,0;0,3;1;0;0;47,0;30;5;21250;POINT (14.00755 48.15184);0,2;60;0;47,0;850000;0,1;30;4,8;1;0,2;1;0;0;0;0;0;1;1;0,05;1;0;0,05;1;0,5;40;0,5;2,0;0,07;1990;8;0,5988023952095809;0,4273504273504274;0,17964071856287425
2001,0;Bioenergy_0;CL06;Bioenergy;2001,0;0,0;1;0;0;10,0;25;1;61880;POINT (16.8375 48.20416666666667);1,0;0;0;10,0;2783152;0,0;25;1,2;1;0,2;1;0;0;0;0;0;1;1;0,05;1;0;0,05;1;1,0;0;1,0;3,5;0,07;2000;5;0,3496503496503497;0,25;0,0
2006,0;Bioenergy_1;CL04;Bioenergy;2006,0;0,0;1;0;0;10,0;25;1;61880;POINT (16.50833333333333 48.11666666666667);1,0;0;0;10,0;2783152;0,0;25;1,2;1;0,2;1;0;0;0;0;0;1;1;0,05;1;0;0,05;1;1,0;0;1,0;3,5;0,07;2000;5;0,3496503496503497;0,25;0,0
1999,0;Bioenergy_2;CL01;Bioenergy;1999,0;0,0;1;0;0;10,0;25;1;61880;POINT (15.91666666666667 46.87083333333333);1,0;0;0;10,0;2783152;0,0;25;1,2;1;0,2;1;0;0;0;0;0;1;1;0,05;1;0;0,05;1;1,0;0;1,0;3,5;0,07;2000;5;0,3496503496503497;0,25;0,0
1996,0;Bioenergy_3;CL00;Bioenergy;1996,0;0,0;1;0;0;10,0;25;1;61880;POINT (12.30416666666667 47.45);1,0;0;0;10,0;2783152;0,0;25;1,2;1;0,2;1;0;0;0;0;0;1;1;0,05;1;0;0,05;1;1,0;0;1,0;3,5;0,07;2000;5;0,3496503496503497;0,25;0,0
1999,0;Bioenergy_4;CL00;Bioenergy;1999,0;0,0;1;0;0;10,0;25;1;61880;POINT (14.81666666666667 47.2);1,0;0;0;10,0;2783152;0,0;25;1,2;1;0,2;1;0;0;0;0;0;1;1;0,05;1;0;0,05;1;1,0;0;1,0;3,5;0,07;2000;5;0,3496503496503497;0,25;0,0
2000,0;Bioenergy_5;CL06;Bioenergy;2000,0;0,0;1;0;0;10,0;25;1;61880;POINT (16.33333333333333 47.975);1,0;0;0;10,0;2783152;0,0;25;1,2;1;0,2;1;0;0;0;0;0;1;1;0,05;1;0;0,05;1;1,0;0;1,0;3,5;0,07;2000;5;0,3496503496503497;0,25;0,0
2005,0;Bioenergy_6;CL01;Bioenergy;2005,0;0,0;1;0;0;10,0;25;1;61880;POINT (14.29166666666667 46.64166666666667);1,0;0;0;10,0;2783152;0,0;25;1,2;1;0,2;1;0;0;0;0;0;1;1;0,05;1;0;0,05;1;1,0;0;1,0;3,5;0,07;2000;5;0,3496503496503497;0,25;0,0
2000,0;Bioenergy_7;CL01;Bioenergy;2000,0;0,0;1;0;0;10,0;25;1;61880;POINT (16.075 47.00416666666667);1,0;0;0;10,0;2783152;0,0;25;1,2;1;0,2;1;0;0;0;0;0;1;1;0,05;1;0;0,05;1;1,0;0;1,0;3,5;0,07;2000;5;0,3496503496503497;0,25;0,0
2008,0;Bioenergy_8;CL04;Bioenergy;2008,0;0,0;1;0;0;10,0;25;1;61880;POINT (15.69166666666667 48.39583333333334);1,0;0;0;10,0;2783152;0,0;25;1,2;1;0,2;1;0;0;0;0;0;1;1;0,05;1;0;0,05;1;1,0;0;1,0;3,5;0,07;2000;5;0,3496503496503497;0,25;0,0
2001,0;Bioenergy_9;CL01;Bioenergy;2001,0;0,0;1;0;0;10,0;25;1;61880;POINT (15.93333333333333 46.81666666666667);1,0;0;0;10,0;2783152;0,0;25;1,2;1;0,2;1;0;0;0;0;0;1;1;0,05;1;0;0,05;1;1,0;0;1,0;3,5;0,07;2000;5;0,3496503496503497;0,25;0,0
1999,0;Bioenergy_10;CL03;Bioenergy;1999,0;0,0;1;0;0;10,0;25;1;61880;POINT (16.15 47.2375);1,0;0;0;10,0;2783152;0,0;25;1,2;1;0,2;1;0;0;0;0;0;1;1;0,05;1;0;0,05;1;1,0;0;1,0;3,5;0,07;2000;5;0,3496503496503497;0,25;0,0
1997,0;Bioenergy_11;CL01;Bioenergy;1997,0;0,0;1;0;0;10,0;25;1;61880;POINT (13.79583333333333 46.5625);1,0;0;0;10,0;2783152;0,0;25;1,2;1;0,2;1;0;0;0;0;0;1;1;0,05;1;0;0,05;1;1,0;0;1,0;3,5;0,07;2000;5;0,3496503496503497;0,25;0,0
1995,0;Bioenergy_12;CL03;Bioenergy;1995,0;0,0;1;0;0;10,0;25;1;61880;POINT (14.55 47.0875);1,0;0;0;10,0;2783152;0,0;25;1,2;1;0,2;1;0;0;0;0;0;1;1;0,05;1;0;0,05;1;1,0;0;1,0;3,5;0,07;2000;5;0,3496503496503497;0,25;0,0
2006,0;Bioenergy_13;CL06;Bioenergy;2006,0;0,0;1;0;0;10,0;25;1;61880;POINT (16.33333333333333 47.75416666666667);1,0;0;0;10,0;2783152;0,0;25;1,2;1;0,2;1;0;0;0;0;0;1;1;0,05;1;0;0,05;1;1,0;0;1,0;3,5;0,07;2000;5;0,3496503496503497;0,25;0,0
1993,0;Bioenergy_14;CL03;Bioenergy;1993,0;0,0;1;0;0;10,0;25;1;61880;POINT (13.74166666666667 47.15833333333333);1,0;0;0;10,0;2783152;0,0;25;1,2;1;0,2;1;0;0;0;0;0;1;1;0,05;1;0;0,05;1;1,0;0;1,0;3,5;0,07;2000;5;0,3496503496503497;0,25;0,0
2000,0;Bioenergy_15;CL06;Bioenergy;2000,0;0,0;1;0;0;10,0;25;1;61880;POINT (16.77916666666667 48.22083333333333);1,0;0;0;10,0;2783152;0,0;25;1,2;1;0,2;1;0;0;0;0;0;1;1;0,05;1;0;0,05;1;1,0;0;1,0;3,5;0,07;2000;5;0,3496503496503497;0,25;0,0
2000,0;Bioenergy_16;CL02;Bioenergy;2000,0;0,0;1;0;0;10,0;25;1;61880;POINT (11.0625 46.85);1,0;0;0;10,0;2783152;0,0;25;1,2;1;0,2;1;0;0;0;0;0;1;1;0,05;1;0;0,05;1;1,0;0;1,0;3,5;0,07;2000;5;0,3496503496503497;0,25;0,0
2000,0;Bioenergy_17;CL01;Bioenergy;2000,0;0,0;1;0;0;10,0;25;1;61880;POINT (15.39583333333333 46.75416666666667);1,0;0;0;10,0;2783152;0,0;25;1,2;1;0,2;1;0;0;0;0;0;1;1;0,05;1;0;0,05;1;1,0;0;1,0;3,5;0,07;2000;5;0,3496503496503497;0,25;0,0
1995,0;Bioenergy_18;CL03;Bioenergy;1995,0;0,0;1;0;0;10,0;25;1;61880;POINT (16.4625 47.06666666666667);1,0;0;0;10,0;2783152;0,0;25;1,2;1;0,2;1;0;0;0;0;0;1;1;0,05;1;0;0,05;1;1,0;0;1,0;3,5;0,07;2000;5;0,3496503496503497;0,25;0,0
1997,0;Bioenergy_19;CL04;Bioenergy;1997,0;0,0;1;0;0;10,0;25;1;61880;POINT (16.225 48.65833333333333);1,0;0;0;10,0;2783152;0,0;25;1,2;1;0,2;1;0;0;0;0;0;1;1;0,05;1;0;0,05;1;1,0;0;1,0;3,5;0,07;2000;5;0,3496503496503497;0,25;0,0
1999,0;Bioenergy_20;CL02;Bioenergy;1999,0;0,0;1;0;0;10,0;25;1;61880;POINT (12.0875 47.2625);1,0;0;0;10,0;2783152;0,0;25;1,2;1;0,2;1;0;0;0;0;0;1;1;0,05;1;0;0,05;1;1,0;0;1,0;3,5;0,07;2000;5;0,3496503496503497;0,25;0,0
2003,0;Bioenergy_21;CL06;Bioenergy;2003,0;0,0;1;0;0;10,0;25;1;61880;POINT (16.57916666666667 48.08333333333334);1,0;0;0;10,0;2783152;0,0;25;1,2;1;0,2;1;0;0;0;0;0;1;1;0,05;1;0;0,05;1;1,0;0;1,0;3,5;0,07;2000;5;0,3496503496503497;0,25;0,0
1998,0;Bioenergy_22;CL06;Bioenergy;1998,0;0,0;1;0;0;10,0;25;1;61880;POINT (16.50416666666667 47.57916666666667);1,0;0;0;10,0;2783152;0,0;25;1,2;1;0,2;1;0;0;0;0;0;1;1;0,05;1;0;0,05;1;1,0;0;1,0;3,5;0,07;2000;5;0,3496503496503497;0,25;0,0
1993,0;Bioenergy_23;CL03;Bioenergy;1993,0;0,0;1;0;0;10,0;25;1;61880;POINT (16.1 47.59166666666667);1,0;0;0;10,0;2783152;0,0;25;1,2;1;0,2;1;0;0;0;0;0;1;1;0,05;1;0;0,05;1;1,0;0;1,0;3,5;0,07;2000;5;0,3496503496503497;0,25;0,0
1998,0;Bioenergy_24;CL01;Bioenergy;1998,0;0,0;1;0;0;10,0;25;1;61880;POINT (15.375 46.85833333333333);1,0;0;0;10,0;2783152;0,0;25;1,2;1;0,2;1;0;0;0;0;0;1;1;0,05;1;0;0,05;1;1,0;0;1,0;3,5;0,07;2000;5;0,3496503496503497;0,25;0,0
2003,0;Bioenergy_25;CL00;Bioenergy;2003,0;0,0;1;0;0;10,0;25;1;61880;POINT (15.57083333333333 47.1125);1,0;0;0;10,0;2783152;0,0;25;1,2;1;0,2;1;0;0;0;0;0;1;1;0,05;1;0;0,05;1;1,0;0;1,0;3,5;0,07;2000;5;0,3496503496503497;0,25;0,0
2000,0;Bioenergy_26;CL06;Bioenergy;2000,0;0,0;1;0;0;10,0;25;1;61880;POINT (16.9 47.88333333333333);1,0;0;0;10,0;2783152;0,0;25;1,2;1;0,2;1;0;0;0;0;0;1;1;0,05;1;0;0,05;1;1,0;0;1,0;3,5;0,07;2000;5;0,3496503496503497;0,25;0,0
1998,0;Bioenergy_27;CL03;Bioenergy;1998,0;0,0;1;0;0;10,0;25;1;61880;POINT (16.23333333333333 47.0625);1,0;0;0;10,0;2783152;0,0;25;1,2;1;0,2;1;0;0;0;0;0;1;1;0,05;1;0;0,05;1;1,0;0;1,0;3,5;0,07;2000;5;0,3496503496503497;0,25;0,0
2001,0;Bioenergy_28;CL00;Bioenergy;2001,0;0,0;1;0;0;10,0;25;1;61880;POINT (14.67083333333333 47.19166666666667);1,0;0;0;10,0;2783152;0,0;25;1,2;1;0,2;1;0;0;0;0;0;1;1;0,05;1;0;0,05;1;1,0;0;1,0;3,5;0,07;2000;5;0,3496503496503497;0,25;0,0
2002,0;Bioenergy_29;CL03;Bioenergy;2002,0;0,0;1;0;0;10,0;25;1;61880;POINT (16.01666666666667 47.32083333333333);1,0;0;0;10,0;2783152;0,0;25;1,2;1;0,2;1;0;0;0;0;0;1;1;0,05;1;0;0,05;1;1,0;0;1,0;3,5;0,07;2000;5;0,3496503496503497;0,25;0,0
2012,0;Bioenergy_30;CL06;Bioenergy;2012,0;0,0;1;0;0;10,0;25;1;61880;POINT (16.7625 48.00833333333333);1,0;0;0;10,0;2783152;0,0;25;1,2;1;0,2;1;0;0;0;0;0;1;1;0,05;1;0;0,05;1;1,0;0;1,0;3,5;0,07;2000;5;0,3496503496503497;0,25;0,0
2001,0;Bioenergy_31;CL04;Bioenergy;2001,0;0,0;1;0;0;10,0;25;1;61880;POINT (15.85 48.55833333333333);1,0;0;0;10,0;2783152;0,0;25;1,2;1;0,2;1;0;0;0;0;0;1;1;0,05;1;0;0,05;1;1,0;0;1,0;3,5;0,07;2000;5;0,3496503496503497;0,25;0,0
2007,0;Bioenergy_32;CL04;Bioenergy;2007,0;0,0;1;0;0;10,0;25;1;61880;POINT (16.13333333333333 48.67916666666667);1,0;0;0;10,0;2783152;0,0;25;1,2;1;0,2;1;0;0;0;0;0;1;1;0,05;1;0;0,05;1;1,0;0;1,0;3,5;0,07;2000;5;0,3496503496503497;0,25;0,0
2001,0;Bioenergy_33;CL06;Bioenergy;2001,0;0,0;1;0;0;10,0;25;1;61880;POINT (16.3 47.32916666666667);1,0;0;0;10,0;2783152;0,0;25;1,2;1;0,2;1;0;0;0;0;0;1;1;0,05;1;0;0,05;1;1,0;0;1,0;3,5;0,07;2000;5;0,3496503496503497;0,25;0,0
2001,0;Bioenergy_34;CL00;Bioenergy;2001,0;0,0;1;0;0;10,0;25;1;61880;POINT (16.05 47.1375);1,0;0;0;10,0;2783152;0,0;25;1,2;1;0,2;1;0;0;0;0;0;1;1;0,05;1;0;0,05;1;1,0;0;1,0;3,5;0,07;2000;5;0,3496503496503497;0,25;0,0
1995,0;Bioenergy_35;CL00;Bioenergy;1995,0;0,0;1;0;0;10,0;25;1;61880;POINT (15.62083333333333 47.08333333333334);1,0;0;0;10,0;2783152;0,0;25;1,2;1;0,2;1;0;0;0;0;0;1;1;0,05;1;0;0,05;1;1,0;0;1,0;3,5;0,07;2000;5;0,3496503496503497;0,25;0,0
1997,0;Bioenergy_36;CL03;Bioenergy;1997,0;0,0;1;0;0;10,0;25;1;61880;POINT (15.47083333333333 47.34166666666667);1,0;0;0;10,0;2783152;0,0;25;1,2;1;0,2;1;0;0;0;0;0;1;1;0,05;1;0;0,05;1;1,0;0;1,0;3,5;0,07;2000;5;0,3496503496503497;0,25;0,0
2006,0;Bioenergy_37;CL06;Bioenergy;2006,0;0,0;1;0;0;10,0;25;1;61880;POINT (16.60416666666667 47.83333333333334);1,0;0;0;10,0;2783152;0,0;25;1,2;1;0,2;1;0;0;0;0;0;1;1;0,05;1;0;0,05;1;1,0;0;1,0;3,5;0,07;2000;5;0,3496503496503497;0,25;0,0
1998,0;Bioenergy_38;CL01;Bioenergy;1998,0;0,0;1;0;0;10,0;25;1;61880;POINT (14.83333333333333 46.7875);1,0;0;0;10,0;2783152;0,0;25;1,2;1;0,2;1;0;0;0;0;0;1;1;0,05;1;0;0,05;1;1,0;0;1,0;3,5;0,07;2000;5;0,3496503496503497;0,25;0,0
1995,0;Bioenergy_39;CL02;Bioenergy;1995,0;0,0;1;0;0;10,0;25;1;61880;POINT (10.74166666666667 46.9375);1,0;0;0;10,0;2783152;0,0;25;1,2;1;0,2;1;0;0;0;0;0;1;1;0,05;1;0;0,05;1;1,0;0;1,0;3,5;0,07;2000;5;0,3496503496503497;0,25;0,0
1993,0;Bioenergy_40;CL00;Bioenergy;1993,0;0,0;1;0;0;10,0;25;1;61880;POINT (12.00833333333333 47.4875);1,0;0;0;10,0;2783152;0,0;25;1,2;1;0,2;1;0;0;0;0;0;1;1;0,05;1;0;0,05;1;1,0;0;1,0;3,5;0,07;2000;5;0,3496503496503497;0,25;0,0
1997,0;Bioenergy_41;CL00;Bioenergy;1997,0;0,0;1;0;0;10,0;25;1;61880;POINT (16.11666666666667 47.20416666666667);1,0;0;0;10,0;2783152;0,0;25;1,2;1;0,2;1;0;0;0;0;0;1;1;0,05;1;0;0,05;1;1,0;0;1,0;3,5;0,07;2000;5;0,3496503496503497;0,25;0,0
2005,0;Bioenergy_42;CL06;Bioenergy;2005,0;0,0;1;0;0;10,0;25;1;61880;POINT (17.06666666666667 47.80833333333333);1,0;0;0;10,0;2783152;0,0;25;1,2;1;0,2;1;0;0;0;0;0;1;1;0,05;1;0;0,05;1;1,0;0;1,0;3,5;0,07;2000;5;0,3496503496503497;0,25;0,0
1993,0;Bioenergy_43;CL00;Bioenergy;1993,0;0,0;1;0;0;10,0;25;1;61880;POINT (15.74166666666667 47.02916666666667);1,0;0;0;10,0;2783152;0,0;25;1,2;1;0,2;1;0;0;0;0;0;1;1;0,05;1;0;0,05;1;1,0;0;1,0;3,5;0,07;2000;5;0,3496503496503497;0,25;0,0
2009,0;Bioenergy_44;CL04;Bioenergy;2009,0;0,0;1;0;0;10,0;25;1;61880;POINT (15.90416666666667 48.37916666666666);1,0;0;0;10,0;2783152;0,0;25;1,2;1;0,2;1;0;0;0;0;0;1;1;0,05;1;0;0,05;1;1,0;0;1,0;3,5;0,07;2000;5;0,3496503496503497;0,25;0,0
1998,0;Bioenergy_45;CL00;Bioenergy;1998,0;0,0;1;0;0;10,0;25;1;61880;POINT (12.84166666666667 47.40833333333333);1,0;0;0;10,0;2783152;0,0;25;1,2;1;0,2;1;0;0;0;0;0;1;1;0,05;1;0;0,05;1;1,0;0;1,0;3,5;0,07;2000;5;0,3496503496503497;0,25;0,0
1996,0;Bioenergy_46;CL00;Bioenergy;1996,0;0,0;1;0;0;10,0;25;1;61880;POINT (14.7 47.1);1,0;0;0;10,0;2783152;0,0;25;1,2;1;0,2;1;0;0;0;0;0;1;1;0,05;1;0;0,05;1;1,0;0;1,0;3,5;0,07;2000;5;0,3496503496503497;0,25;0,0
1994,0;Bioenergy_47;CL00;Bioenergy;1994,0;0,0;1;0;0;10,0;25;1;61880;POINT (11.78333333333333 47.4);1,0;0;0;10,0;2783152;0,0;25;1,2;1;0,2;1;0;0;0;0;0;1;1;0,05;1;0;0,05;1;1,0;0;1,0;3,5;0,07;2000;5;0,3496503496503497;0,25;0,0
2006,0;Bioenergy_48;CL04;Bioenergy;2006,0;0,0;1;0;0;10,0;25;1;61880;POINT (16.75416666666667 48.1125);1,0;0;0;10,0;2783152;0,0;25;1,2;1;0,2;1;0;0;0;0;0;1;1;0,05;1;0;0,05;1;1,0;0;1,0;3,5;0,07;2000;5;0,3496503496503497;0,25;0,0
2000,0;Bioenergy_49;CL00;Bioenergy;2000,0;0,0;1;0;0;10,0;25;1;61880;POINT (14.4375 47.05416666666667);1,0;0;0;10,0;2783152;0,0;25;1,2;1;0,2;1;0;0;0;0;0;1;1;0,05;1;0;0,05;1;1,0;0;1,0;3,5;0,07;2000;5;0,3496503496503497;0,25;0,0
2008,0;Bioenergy_50;CL04;Bioenergy;2008,0;0,0;1;0;0;10,0;25;1;61880;POINT (16.40416666666667 48.24166666666667);1,0;0;0;10,0;2783152;0,0;25;1,2;1;0,2;1;0;0;0;0;0;1;1;0,05;1;0;0,05;1;1,0;0;1,0;3,5;0,07;2000;5;0,3496503496503497;0,25;0,0
2001,0;Bioenergy_51;CL06;Bioenergy;2001,0;0,0;1;0;0;10,0;25;1;61880;POINT (16.87083333333333 47.81666666666667);1,0;0;0;10,0;2783152;0,0;25;1,2;1;0,2;1;0;0;0;0;0;1;1;0,05;1;0;0,05;1;1,0;0;1,0;3,5;0,07;2000;5;0,3496503496503497;0,25;0,0
1996,0;Bioenergy_52;CL04;Bioenergy;1996,0;0,0;1;0;0;10,0;25;1;61880;POINT (15.875 48.45833333333334);1,0;0;0;10,0;2783152;0,0;25;1,2;1;0,2;1;0;0;0;0;0;1;1;0,05;1;0;0,05;1;1,0;0;1,0;3,5;0,07;2000;5;0,3496503496503497;0,25;0,0
2001,0;Bioenergy_53;CL01;Bioenergy;2001,0;0,0;1;0;0;10,0;25;1;61880;POINT (15.40416666666667 46.975);1,0;0;0;10,0;2783152;0,0;25;1,2;1;0,2;1;0;0;0;0;0;1;1;0,05;1;0;0,05;1;1,0;0;1,0;3,5;0,07;2000;5;0,3496503496503497;0,25;0,0
2009,0;Bioenergy_54;CL01;Bioenergy;2009,0;0,0;1;0;0;10,0;25;1;61880;POINT (15.57916666666667 46.97083333333333);1,0;0;0;10,0;2783152;0,0;25;1,2;1;0,2;1;0;0;0;0;0;1;1;0,05;1;0;0,05;1;1,0;0;1,0;3,5;0,07;2000;5;0,3496503496503497;0,25;0,0
2009,0;Bioenergy_55;CL00;Bioenergy;2009,0;0,0;1;0;0;10,0;25;1;61880;POINT (14.74583333333333 47.22083333333333);1,0;0;0;10,0;2783152;0,0;25;1,2;1;0,2;1;0;0;0;0;0;1;1;0,05;1;0;0,05;1;1,0;0;1,0;3,5;0,07;2000;5;0,3496503496503497;0,25;0,0
2004,0;Bioenergy_56;CL01;Bioenergy;2004,0;0,0;1;0;0;10,0;25;1;61880;POINT (16.06666666666667 46.94583333333333);1,0;0;0;10,0;2783152;0,0;25;1,2;1;0,2;1;0;0;0;0;0;1;1;0,05;1;0;0,05;1;1,0;0;1,0;3,5;0,07;2000;5;0,3496503496503497;0,25;0,0
2002,0;Bioenergy_57;CL04;Bioenergy;2002,0;0,0;1;0;0;10,0;25;1;61880;POINT (16.20416666666667 48.4125);1,0;0;0;10,0;2783152;0,0;25;1,2;1;0,2;1;0;0;0;0;0;1;1;0,05;1;0;0,05;1;1,0;0;1,0;3,5;0,07;2000;5;0,3496503496503497;0,25;0,0
2000,0;Bioenergy_58;CL01;Bioenergy;2000,0;0,0;1;0;0;10,0;25;1;61880;POINT (14.6625 46.6875);1,0;0;0;10,0;2783152;0,0;25;1,2;1;0,2;1;0;0;0;0;0;1;1;0,05;1;0;0,05;1;1,0;0;1,0;3,5;0,07;2000;5;0,3496503496503497;0,25;0,0
1999,0;Bioenergy_59;CL02;Bioenergy;1999,0;0,0;1;0;0;10,0;25;1;61880;POINT (10.77916666666667 47.35833333333333);1,0;0;0;10,0;2783152;0,0;25;1,2;1;0,2;1;0;0;0;0;0;1;1;0,05;1;0;0,05;1;1,0;0;1,0;3,5;0,07;2000;5;0,3496503496503497;0,25;0,0
1997,0;Bioenergy_60;CL01;Bioenergy;1997,0;0,0;1;0;0;10,0;25;1;61880;POINT (15.92916666666667 46.95);1,0;0;0;10,0;2783152;0,0;25;1,2;1;0,2;1;0;0;0;0;0;1;1;0,05;1;0;0,05;1;1,0;0;1,0;3,5;0,07;2000;5;0,3496503496503497;0,25;0,0
1991,0;Bioenergy_61;CL02;Bioenergy;1991,0;0,0;1;0;0;10,0;25;1;61880;POINT (11.66666666666667 47.39583333333334);1,0;0;0;10,0;2783152;0,0;25;1,2;1;0,2;1;0;0;0;0;0;1;1;0,05;1;0;0,05;1;1,0;0;1,0;3,5;0,07;2000;5;0,3496503496503497;0,25;0,0
1998,0;Bioenergy_62;CL04;Bioenergy;1998,0;0,0;1;0;0;10,0;25;1;61880;POINT (16.50833333333333 47.82916666666667);1,0;0;0;10,0;2783152;0,0;25;1,2;1;0,2;1;0;0;0;0;0;1;1;0,05;1;0;0,05;1;1,0;0;1,0;3,5;0,07;2000;5;0,3496503496503497;0,25;0,0
2001,0;Bioenergy_63;CL02;Bioenergy;2001,0;0,0;1;0;0;10,0;25;1;61880;POINT (10.74583333333333 47.2375);1,0;0;0;10,0;2783152;0,0;25;1,2;1;0,2;1;0;0;0;0;0;1;1;0,05;1;0;0,05;1;1,0;0;1,0;3,5;0,07;2000;5;0,3496503496503497;0,25;0,0
1995,0;Bioenergy_64;CL04;Bioenergy;1995,0;0,0;1;0;0;10,0;25;1;61880;POINT (15.84583333333333 48.25833333333333);1,0;0;0;10,0;2783152;0,0;25;1,2;1;0,2;1;0;0;0;0;0;1;1;0,05;1;0;0,05;1;1,0;0;1,0;3,5;0,07;2000;5;0,3496503496503497;0,25;0,0
2002,0;Bioenergy_65;CL06;Bioenergy;2002,0;0,0;1;0;0;10,0;25;1;61880;POINT (16.63333333333333 47.4625);1,0;0;0;10,0;2783152;0,0;25;1,2;1;0,2;1;0;0;0;0;0;1;1;0,05;1;0;0,05;1;1,0;0;1,0;3,5;0,07;2000;5;0,3496503496503497;0,25;0,0
1993,0;Bioenergy_66;CL01;Bioenergy;1993,0;0,0;1;0;0;10,0;25;1;61880;POINT (14.12083333333333 46.5375);1,0;0;0;10,0;2783152;0,0;25;1,2;1;0,2;1;0;0;0;0;0;1;1;0,05;1;0;0,05;1;1,0;0;1,0;3,5;0,07;2000;5;0,3496503496503497;0,25;0,0
2004,0;Bioenergy_67;CL00;Bioenergy;2004,0;0,0;1;0;0;10,0;25;1;61880;POINT (15.94583333333333 47.04583333333333);1,0;0;0;10,0;2783152;0,0;25;1,2;1;0,2;1;0;0;0;0;0;1;1;0,05;1;0;0,05;1;1,0;0;1,0;3,5;0,07;2000;5;0,3496503496503497;0,25;0,0
1996,0;Bioenergy_68;CL04;Bioenergy;1996,0;0,0;1;0;0;10,0;25;1;61880;POINT (16.44166666666667 47.8625);1,0;0;0;10,0;2783152;0,0;25;1,2;1;0,2;1;0;0;0;0;0;1;1;0,05;1;0;0,05;1;1,0;0;1,0;3,5;0,07;2000;5;0,3496503496503497;0,25;0,0
2007,0;Bioenergy_69;CL06;Bioenergy;2007,0;0,0;1;0;0;10,0;25;1;61880;POINT (16.6125 47.4625);1,0;0;0;10,0;2783152;0,0;25;1,2;1;0,2;1;0;0;0;0;0;1;1;0,05;1;0;0,05;1;1,0;0;1,0;3,5;0,07;2000;5;0,3496503496503497;0,25;0,0
1994,0;Bioenergy_70;CL02;Bioenergy;1994,0;0,0;1;0;0;10,0;25;1;61880;POINT (10.15833333333333 46.92083333333333);1,0;0;0;10,0;2783152;0,0;25;1,2;1;0,2;1;0;0;0;0;0;1;1;0,05;1;0;0,05;1;1,0;0;1,0;3,5;0,07;2000;5;0,3496503496503497;0,25;0,0
1995,0;Bioenergy_71;CL00;Bioenergy;1995,0;0,0;1;0;0;10,0;25;1;61880;POINT (13.575 47.00416666666667);1,0;0;0;10,0;2783152;0,0;25;1,2;1;0,2;1;0;0;0;0;0;1;1;0,05;1;0;0,05;1;1,0;0;1,0;3,5;0,07;2000;5;0,3496503496503497;0,25;0,0
2002,0;Bioenergy_72;CL02;Bioenergy;2002,0;0,0;1;0;0;10,0;25;1;61880;POINT (10.6625 46.95833333333334);1,0;0;0;10,0;2783152;0,0;25;1,2;1;0,2;1;0;0;0;0;0;1;1;0,05;1;0;0,05;1;1,0;0;1,0;3,5;0,07;2000;5;0,3496503496503497;0,25;0,0
2005,0;Bioenergy_73;CL00;Bioenergy;2005,0;0,0;1;0;0;10,0;25;1;61880;POINT (11.41666666666667 47.26666666666667);1,0;0;0;10,0;2783152;0,0;25;1,2;1;0,2;1;0;0;0;0;0;1;1;0,05;1;0;0,05;1;1,0;0;1,0;3,5;0,07;2000;5;0,3496503496503497;0,25;0,0
2002,0;Bioenergy_74;CL03;Bioenergy;2002,0;0,0;1;0;0;10,0;25;1;61880;POINT (16.41666666666667 47.00833333333333);1,0;0;0;10,0;2783152;0,0;25;1,2;1;0,2;1;0;0;0;0;0;1;1;0,05;1;0;0,05;1;1,0;0;1,0;3,5;0,07;2000;5;0,3496503496503497;0,25;0,0
1999,0;Bioenergy_75;CL01;Bioenergy;1999,0;0,0;1;0;0;10,0;25;1;61880;POINT (16.14166666666667 47.01666666666667);1,0;0;0;10,0;2783152;0,0;25;1,2;1;0,2;1;0;0;0;0;0;1;1;0,05;1;0;0,05;1;1,0;0;1,0;3,5;0,07;2000;5;0,3496503496503497;0,25;0,0
2000,0;Bioenergy_76;CL00;Bioenergy;2000,0;0,0;1;0;0;10,0;25;1;61880;POINT (16.05 47.13333333333333);1,0;0;0;10,0;2783152;0,0;25;1,2;1;0,2;1;0;0;0;0;0;1;1;0,05;1;0;0,05;1;1,0;0;1,0;3,5;0,07;2000;5;0,3496503496503497;0,25;0,0
1998,0;Bioenergy_77;CL00;Bioenergy;1998,0;0,0;1;0;0;10,0;25;1;61880;POINT (15.93333333333333 47.07916666666667);1,0;0;0;10,0;2783152;0,0;25;1,2;1;0,2;1;0;0;0;0;0;1;1;0,05;1;0;0,05;1;1,0;0;1,0;3,5;0,07;2000;5;0,3496503496503497;0,25;0,0
2002,0;Bioenergy_78;CL01;Bioenergy;2002,0;0,0;1;0;0;10,0;25;1;61880;POINT (15.84166666666667 46.9);1,0;0;0;10,0;2783152;0,0;25;1,2;1;0,2;1;0;0;0;0;0;1;1;0,05;1;0;0,05;1;1,0;0;1,0;3,5;0,07;2000;5;0,3496503496503497;0,25;0,0
1998,0;Bioenergy_79;CL00;Bioenergy;1998,0;0,0;1;0;0;10,0;25;1;61880;POINT (12.0125 47.49166666666667);1,0;0;0;10,0;2783152;0,0;25;1,2;1;0,2;1;0;0;0;0;0;1;1;0,05;1;0;0,05;1;1,0;0;1,0;3,5;0,07;2000;5;0,3496503496503497;0,25;0,0
1997,0;Bioenergy_80;CL02;Bioenergy;1997,0;0,0;1;0;0;10,0;25;1;61880;POINT (11.55416666666667 47.01666666666667);1,0;0;0;10,0;2783152;0,0;25;1,2;1;0,2;1;0;0;0;0;0;1;1;0,05;1;0;0,05;1;1,0;0;1,0;3,5;0,07;2000;5;0,3496503496503497;0,25;0,0
1998,0;Bioenergy_81;CL00;Bioenergy;1998,0;0,0;1;0;0;10,0;25;1;61880;POINT (13.65833333333333 46.8875);1,0;0;0;10,0;2783152;0,0;25;1,2;1;0,2;1;0;0;0;0;0;1;1;0,05;1;0;0,05;1;1,0;0;1,0;3,5;0,07;2000;5;0,3496503496503497;0,25;0,0
2001,0;Bioenergy_82;CL00;Bioenergy;2001,0;0,0;1;0;0;10,0;25;1;61880;POINT (15.3875 47.22083333333333);1,0;0;0;10,0;2783152;0,0;25;1,2;1;0,2;1;0;0;0;0;0;1;1;0,05;1;0;0,05;1;1,0;0;1,0;3,5;0,07;2000;5;0,3496503496503497;0,25;0,0
1993,0;Bioenergy_83;CL03;Bioenergy;1993,0;0,0;1;0;0;10,0;25;1;61880;POINT (16.34166666666667 47.20416666666667);1,0;0;0;10,0;2783152;0,0;25;1,2;1;0,2;1;0;0;0;0;0;1;1;0,05;1;0;0,05;1;1,0;0;1,0;3,5;0,07;2000;5;0,3496503496503497;0,25;0,0
1998,0;Bioenergy_84;CL01;Bioenergy;1998,0;0,0;1;0;0;10,0;25;1;61880;POINT (13.57083333333333 46.75416666666667);1,0;0;0;10,0;2783152;0,0;25;1,2;1;0,2;1;0;0;0;0;0;1;1;0,05;1;0;0,05;1;1,0;0;1,0;3,5;0,07;2000;5;0,3496503496503497;0,25;0,0
1998,0;Bioenergy_85;CL06;Bioenergy;1998,0;0,0;1;0;0;10,0;25;1;61880;POINT (16.27083333333333 47.63333333333333);1,0;0;0;10,0;2783152;0,0;25;1,2;1;0,2;1;0;0;0;0;0;1;1;0,05;1;0;0,05;1;1,0;0;1,0;3,5;0,07;2000;5;0,3496503496503497;0,25;0,0
1991,0;Bioenergy_86;CL02;Bioenergy;1991,0;0,0;1;0;0;10,0;25;1;61880;POINT (11.58333333333333 47.375);1,0;0;0;10,0;2783152;0,0;25;1,2;1;0,2;1;0;0;0;0;0;1;1;0,05;1;0;0,05;1;1,0;0;1,0;3,5;0,07;2000;5;0,3496503496503497;0,25;0,0
2011,0;Bioenergy_87;CL02;Bioenergy;2011,0;0,0;1;0;0;10,0;25;1;61880;POINT (10.7 46.90416666666667);1,0;0;0;10,0;2783152;0,0;25;1,2;1;0,2;1;0;0;0;0;0;1;1;0,05;1;0;0,05;1;1,0;0;1,0;3,5;0,07;2000;5;0,3496503496503497;0,25;0,0
1991,0;Bioenergy_88;CL00;Bioenergy;1991,0;0,0;1;0;0;10,0;25;1;61880;POINT (16.1625 47.07083333333333);1,0;0;0;10,0;2783152;0,0;25;1,2;1;0,2;1;0;0;0;0;0;1;1;0,05;1;0;0,05;1;1,0;0;1,0;3,5;0,07;2000;5;0,3496503496503497;0,25;0,0
1991,0;Bioenergy_89;CL06;Bioenergy;1991,0;0,0;1;0;0;10,0;25;1;61880;POINT (16.45 47.59166666666667);1,0;0;0;10,0;2783152;0,0;25;1,2;1;0,2;1;0;0;0;0;0;1;1;0,05;1;0;0,05;1;1,0;0;1,0;3,5;0,07;2000;5;0,3496503496503497;0,25;0,0
2006,0;Bioenergy_90;CL00;Bioenergy;2006,0;0,0;1;0;0;10,0;25;1;61880;POINT (11.92083333333333 47.44583333333333);1,0;0;0;10,0;2783152;0,0;25;1,2;1;0,2;1;0;0;0;0;0;1;1;0,05;1;0;0,05;1;1,0;0;1,0;3,5;0,07;2000;5;0,3496503496503497;0,25;0,0
1999,0;Bioenergy_91;CL02;Bioenergy;1999,0;0,0;1;0;0;10,0;25;1;61880;POINT (9.800000000000001 47.52916666666667);1,0;0;0;10,0;2783152;0,0;25;1,2;1;0,2;1;0;0;0;0;0;1;1;0,05;1;0;0,05;1;1,0;0;1,0;3,5;0,07;2000;5;0,3496503496503497;0,25;0,0
2000,0;Bioenergy_92;CL01;Bioenergy;2000,0;0,0;1;0;0;10,0;25;1;61880;POINT (14.54583333333333 46.69583333333333);1,0;0;0;10,0;2783152;0,0;25;1,2;1;0,2;1;0;0;0;0;0;1;1;0,05;1;0;0,05;1;1,0;0;1,0;3,5;0,07;2000;5;0,3496503496503497;0,25;0,0
1997,0;Bioenergy_93;CL01;Bioenergy;1997,0;0,0;1;0;0;10,0;25;1;61880;POINT (14.42916666666667 46.625);1,0;0;0;10,0;2783152;0,0;25;1,2;1;0,2;1;0;0;0;0;0;1;1;0,05;1;0;0,05;1;1,0;0;1,0;3,5;0,07;2000;5;0,3496503496503497;0,25;0,0
2001,0;Bioenergy_94;CL00;Bioenergy;2001,0;0,0;1;0;0;10,0;25;1;61880;POINT (15.8875 47.0875);1,0;0;0;10,0;2783152;0,0;25;1,2;1;0,2;1;0;0;0;0;0;1;1;0,05;1;0;0,05;1;1,0;0;1,0;3,5;0,07;2000;5;0,3496503496503497;0,25;0,0
1998,0;Bioenergy_95;CL01;Bioenergy;1998,0;0,0;1;0;0;10,0;25;1;61880;POINT (15.4 46.85416666666666);1,0;0;0;10,0;2783152;0,0;25;1,2;1;0,2;1;0;0;0;0;0;1;1;0,05;1;0;0,05;1;1,0;0;1,0;3,5;0,07;2000;5;0,3496503496503497;0,25;0,0
1994,0;Bioenergy_96;CL00;Bioenergy;1994,0;0,0;1;0;0;10,0;25;1;61880;POINT (14.88333333333333 47);1,0;0;0;10,0;2783152;0,0;25;1,2;1;0,2;1;0;0;0;0;0;1;1;0,05;1;0;0,05;1;1,0;0;1,0;3,5;0,07;2000;5;0,3496503496503497;0,25;0,0
2005,0;Bioenergy_97;CL01;Bioenergy;2005,0;0,0;1;0;0;10,0;25;1;61880;POINT (15.43333333333333 46.9875);1,0;0;0;10,0;2783152;0,0;25;1,2;1;0,2;1;0;0;0;0;0;1;1;0,05;1;0;0,05;1;1,0;0;1,0;3,5;0,07;2000;5;0,3496503496503497;0,25;0,0
1997,0;Bioenergy_98;CL01;Bioenergy;1997,0;0,0;1;0;0;10,0;25;1;61880;POINT (15.3 47.05);1,0;0;0;10,0;2783152;0,0;25;1,2;1;0,2;1;0;0;0;0;0;1;1;0,05;1;0;0,05;1;1,0;0;1,0;3,5;0,07;2000;5;0,3496503496503497;0,25;0,0
2002,0;Bioenergy_99;CL00;Bioenergy;2002,0;0,0;1;0;0;10,0;25;1;61880;POINT (11.39583333333333 47.1);1,0;0;0;10,0;2783152;0,0;25;1,2;1;0,2;1;0;0;0;0;0;1;1;0,05;1;0;0,05;1;1,0;0;1,0;3,5;0,07;2000;5;0,3496503496503497;0,25;0,0
2007,0;Bioenergy_100;CL01;Bioenergy;2007,0;0,0;1;0;0;10,0;25;1;61880;POINT (15.69583333333333 46.92916666666667);1,0;0;0;10,0;2783152;0,0;25;1,2;1;0,2;1;0;0;0;0;0;1;1;0,05;1;0;0,05;1;1,0;0;1,0;3,5;0,07;2000;5;0,3496503496503497;0,25;0,0
1996,0;Bioenergy_101;CL01;Bioenergy;1996,0;0,0;1;0;0;10,0;25;1;61880;POINT (15.67916666666667 46.72916666666666);1,0;0;0;10,0;2783152;0,0;25;1,2;1;0,2;1;0;0;0;0;0;1;1;0,05;1;0;0,05;1;1,0;0;1,0;3,5;0,07;2000;5;0,3496503496503497;0,25;0,0
2000,0;Bioenergy_102;CL02;Bioenergy;2000,0;0,0;1;0;0;10,0;25;1;61880;POINT (9.954166666666666 47.19166666666667);1,0;0;0;10,0;2783152;0,0;25;1,2;1;0,2;1;0;0;0;0;0;1;1;0,05;1;0;0,05;1;1,0;0;1,0;3,5;0,07;2000;5;0,3496503496503497;0,25;0,0
1996,0;Bioenergy_103;CL00;Bioenergy;1996,0;0,0;1;0;0;10,0;25;1;61880;POINT (15.74583333333333 47.1625);1,0;0;0;10,0;2783152;0,0;25;1,2;1;0,2;1;0;0;0;0;0;1;1;0,05;1;0;0,05;1;1,0;0;1,0;3,5;0,07;2000;5;0,3496503496503497;0,25;0,0
2000,0;Bioenergy_104;CL03;Bioenergy;2000,0;0,0;1;0;0;10,0;25;1;61880;POINT (13.74166666666667 47.1375);1,0;0;0;10,0;2783152;0,0;25;1,2;1;0,2;1;0;0;0;0;0;1;1;0,05;1;0;0,05;1;1,0;0;1,0;3,5;0,07;2000;5;0,3496503496503497;0,25;0,0
2004,0;Bioenergy_105;CL01;Bioenergy;2004,0;0,0;1;0;0;10,0;25;1;61880;POINT (13.7 46.82083333333333);1,0;0;0;10,0;2783152;0,0;25;1,2;1;0,2;1;0;0;0;0;0;1;1;0,05;1;0;0,05;1;1,0;0;1,0;3,5;0,07;2000;5;0,3496503496503497;0,25;0,0
2005,0;Bioenergy_106;CL00;Bioenergy;2005,0;0,0;1;0;0;10,0;25;1;61880;POINT (15.99583333333333 47.19166666666667);1,0;0;0;10,0;2783152;0,0;25;1,2;1;0,2;1;0;0;0;0;0;1;1;0,05;1;0;0,05;1;1,0;0;1,0;3,5;0,07;2000;5;0,3496503496503497;0,25;0,0
1998,0;Bioenergy_107;CL01;Bioenergy;1998,0;0,0;1;0;0;10,0;25;1;61880;POINT (15.675 46.9125);1,0;0;0;10,0;2783152;0,0;25;1,2;1;0,2;1;0;0;0;0;0;1;1;0,05;1;0;0,05;1;1,0;0;1,0;3,5;0,07;2000;5;0,3496503496503497;0,25;0,0
1992,0;Bioenergy_108;CL03;Bioenergy;1992,0;0,0;1;0;0;10,0;25;1;61880;POINT (16.1875 47.15833333333333);1,0;0;0;10,0;2783152;0,0;25;1,2;1;0,2;1;0;0;0;0;0;1;1;0,05;1;0;0,05;1;1,0;0;1,0;3,5;0,07;2000;5;0,3496503496503497;0,25;0,0
1995,0;Bioenergy_109;CL02;Bioenergy;1995,0;0,0;1;0;0;10,0;25;1;61880;POINT (10.42083333333333 47.37916666666667);1,0;0;0;10,0;2783152;0,0;25;1,2;1;0,2;1;0;0;0;0;0;1;1;0,05;1;0;0,05;1;1,0;0;1,0;3,5;0,07;2000;5;0,3496503496503497;0,25;0,0
2003,0;Bioenergy_110;CL00;Bioenergy;2003,0;0,0;1;0;0;10,0;25;1;61880;POINT (15.9625 47.05833333333333);1,0;0;0;10,0;2783152;0,0;25;1,2;1;0,2;1;0;0;0;0;0;1;1;0,05;1;0;0,05;1;1,0;0;1,0;3,5;0,07;2000;5;0,3496503496503497;0,25;0,0
1992,0;Bioenergy_111;CL01;Bioenergy;1992,0;0,0;1;0;0;10,0;25;1;61880;POINT (14.32916666666667 46.925);1,0;0;0;10,0;2783152;0,0;25;1,2;1;0,2;1;0;0;0;0;0;1;1;0,05;1;0;0,05;1;1,0;0;1,0;3,5;0,07;2000;5;0,3496503496503497;0,25;0,0
1989,0;Bioenergy_112;CL01;Bioenergy;1989,0;0,0;1;0;0;10,0;25;1;61880;POINT (16 46.98333333333333);1,0;0;0;10,0;2783152;0,0;25;1,2;1;0,2;1;0;0;0;0;0;1;1;0,05;1;0;0,05;1;1,0;0;1,0;3,5;0,07;2000;5;0,3496503496503497;0,25;0,0
2002,0;Bioenergy_113;CL01;Bioenergy;2002,0;0,0;1;0;0;10,0;25;1;61880;POINT (15.89166666666667 46.8);1,0;0;0;10,0;2783152;0,0;25;1,2;1;0,2;1;0;0;0;0;0;1;1;0,05;1;0;0,05;1;1,0;0;1,0;3,5;0,07;2000;5;0,3496503496503497;0,25;0,0
1996,0;Bioenergy_114;CL02;Bioenergy;1996,0;0,0;1;0;0;10,0;25;1;61880;POINT (12.2 47.10833333333333);1,0;0;0;10,0;2783152;0,0;25;1,2;1;0,2;1;0;0;0;0;0;1;1;0,05;1;0;0,05;1;1,0;0;1,0;3,5;0,07;2000;5;0,3496503496503497;0,25;0,0
1997,0;Bioenergy_115;CL00;Bioenergy;1997,0;0,0;1;0;0;10,0;25;1;61880;POINT (13.70833333333333 46.99166666666667);1,0;0;0;10,0;2783152;0,0;25;1,2;1;0,2;1;0;0;0;0;0;1;1;0,05;1;0;0,05;1;1,0;0;1,0;3,5;0,07;2000;5;0,3496503496503497;0,25;0,0
1986,0;Bioenergy_116;CL02;Bioenergy;1986,0;0,0;1;0;0;10,0;25;1;61880;POINT (10.4625 47.00416666666667);1,0;0;0;10,0;2783152;0,0;25;1,2;1;0,2;1;0;0;0;0;0;1;1;0,05;1;0;0,05;1;1,0;0;1,0;3,5;0,07;2000;5;0,3496503496503497;0,25;0,0
2005,0;Bioenergy_117;CL01;Bioenergy;2005,0;0,0;1;0;0;10,0;25;1;61880;POINT (14.2 46.7625);1,0;0;0;10,0;2783152;0,0;25;1,2;1;0,2;1;0;0;0;0;0;1;1;0,05;1;0;0,05;1;1,0;0;1,0;3,5;0,07;2000;5;0,3496503496503497;0,25;0,0
1998,0;Bioenergy_118;CL02;Bioenergy;1998,0;0,0;1;0;0;10,0;25;1;61880;POINT (10.80833333333333 47.02916666666667);1,0;0;0;10,0;2783152;0,0;25;1,2;1;0,2;1;0;0;0;0;0;1;1;0,05;1;0;0,05;1;1,0;0;1,0;3,5;0,07;2000;5;0,3496503496503497;0,25;0,0
2010,0;Bioenergy_119;CL02;Bioenergy;2010,0;0,0;1;0;0;10,0;25;1;61880;POINT (10.67916666666667 46.89583333333334);1,0;0;0;10,0;2783152;0,0;25;1,2;1;0,2;1;0;0;0;0;0;1;1;0,05;1;0;0,05;1;1,0;0;1,0;3,5;0,07;2000;5;0,3496503496503497;0,25;0,0
2010,0;Bioenergy_120;CL02;Bioenergy;2010,0;0,0;1;0;0;10,0;25;1;61880;POINT (10.525 47.1375);1,0;0;0;10,0;2783152;0,0;25;1,2;1;0,2;1;0;0;0;0;0;1;1;0,05;1;0;0,05;1;1,0;0;1,0;3,5;0,07;2000;5;0,3496503496503497;0,25;0,0
2009,0;Bioenergy_121;CL02;Bioenergy;2009,0;0,0;1;0;0;10,0;25;1;61880;POINT (12.79583333333333 46.925);1,0;0;0;10,0;2783152;0,0;25;1,2;1;0,2;1;0;0;0;0;0;1;1;0,05;1;0;0,05;1;1,0;0;1,0;3,5;0,07;2000;5;0,3496503496503497;0,25;0,0
1992,0;Bioenergy_122;CL02;Bioenergy;1992,0;0,0;1;0;0;10,0;25;1;61880;POINT (9.966666666666667 47.17083333333333);1,0;0;0;10,0;2783152;0,0;25;1,2;1;0,2;1;0;0;0;0;0;1;1;0,05;1;0;0,05;1;1,0;0;1,0;3,5;0,07;2000;5;0,3496503496503497;0,25;0,0
2003,0;Bioenergy_123;CL02;Bioenergy;2003,0;0,0;1;0;0;10,0;25;1;61880;POINT (12.7125 46.9875);1,0;0;0;10,0;2783152;0,0;25;1,2;1;0,2;1;0;0;0;0;0;1;1;0,05;1;0;0,05;1;1,0;0;1,0;3,5;0,07;2000;5;0,3496503496503497;0,25;0,0
1997,0;Bioenergy_124;CL02;Bioenergy;1997,0;0,0;1;0;0;10,0;25;1;61880;POINT (11.02083333333333 47.03333333333333);1,0;0;0;10,0;2783152;0,0;25;1,2;1;0,2;1;0;0;0;0;0;1;1;0,05;1;0;0,05;1;1,0;0;1,0;3,5;0,07;2000;5;0,3496503496503497;0,25;0,0
1988,0;Bioenergy_125;CL02;Bioenergy;1988,0;0,0;1;0;0;10,0;25;1;61880;POINT (11.00833333333333 47.22916666666666);1,0;0;0;10,0;2783152;0,0;25;1,2;1;0,2;1;0;0;0;0;0;1;1;0,05;1;0;0,05;1;1,0;0;1,0;3,5;0,07;2000;5;0,3496503496503497;0,25;0,0
1999,0;Bioenergy_126;CL02;Bioenergy;1999,0;0,0;1;0;0;10,0;25;1;61880;POINT (10.04583333333333 47.10416666666666);1,0;0;0;10,0;2783152;0,0;25;1,2;1;0,2;1;0;0;0;0;0;1;1;0,05;1;0;0,05;1;1,0;0;1,0;3,5;0,07;2000;5;0,3496503496503497;0,25;0,0
1999,0;Bioenergy_127;CL02;Bioenergy;1999,0;0,0;1;0;0;10,0;25;1;61880;POINT (12.83333333333333 47.07916666666667);1,0;0;0;10,0;2783152;0,0;25;1,2;1;0,2;1;0;0;0;0;0;1;1;0,05;1;0;0,05;1;1,0;0;1,0;3,5;0,07;2000;5;0,3496503496503497;0,25;0,0
2002,0;Bioenergy_128;CL02;Bioenergy;2002,0;0,0;1;0;0;10,0;25;1;61880;POINT (10.5 47.06666666666667);1,0;0;0;10,0;2783152;0,0;25;1,2;1;0,2;1;0;0;0;0;0;1;1;0,05;1;0;0,05;1;1,0;0;1,0;3,5;0,07;2000;5;0,3496503496503497;0,25;0,0
1996,0;Bioenergy_129;CL01;Bioenergy;1996,0;0,0;1;0;0;10,0;25;1;61880;POINT (13.2625 46.75416666666667);1,0;0;0;10,0;2783152;0,0;25;1,2;1;0,2;1;0;0;0;0;0;1;1;0,05;1;0;0,05;1;1,0;0;1,0;3,5;0,07;2000;5;0,3496503496503497;0,25;0,0
1995,0;Bioenergy_130;CL00;Bioenergy;1995,0;0,0;1;0;0;10,0;25;1;61880;POINT (13.48333333333333 46.95833333333334);1,0;0;0;10,0;2783152;0,0;25;1,2;1;0,2;1;0;0;0;0;0;1;1;0,05;1;0;0,05;1;1,0;0;1,0;3,5;0,07;2000;5;0,3496503496503497;0,25;0,0
1998,0;Bioenergy_131;CL02;Bioenergy;1998,0;0,0;1;0;0;10,0;25;1;61880;POINT (11.05 47.24166666666667);1,0;0;0;10,0;2783152;0,0;25;1,2;1;0,2;1;0;0;0;0;0;1;1;0,05;1;0;0,05;1;1,0;0;1,0;3,5;0,07;2000;5;0,3496503496503497;0,25;0,0
2006,0;Bioenergy_132;CL02;Bioenergy;2006,0;0,0;1;0;0;10,0;25;1;61880;POINT (11.70833333333333 47.19583333333333);1,0;0;0;10,0;2783152;0,0;25;1,2;1;0,2;1;0;0;0;0;0;1;1;0,05;1;0;0,05;1;1,0;0;1,0;3,5;0,07;2000;5;0,3496503496503497;0,25;0,0
1992,0;Bioenergy_133;CL02;Bioenergy;1992,0;0,0;1;0;0;10,0;25;1;61880;POINT (9.691666666666666 47.19583333333333);1,0;0;0;10,0;2783152;0,0;25;1,2;1;0,2;1;0;0;0;0;0;1;1;0,05;1;0;0,05;1;1,0;0;1,0;3,5;0,07;2000;5;0,3496503496503497;0,25;0,0
1997,0;Bioenergy_134;CL02;Bioenergy;1997,0;0,0;1;0;0;10,0;25;1;61880;POINT (11.575 47.17083333333333);1,0;0;0;10,0;2783152;0,0;25;1,2;1;0,2;1;0;0;0;0;0;1;1;0,05;1;0;0,05;1;1,0;0;1,0;3,5;0,07;2000;5;0,3496503496503497;0,25;0,0
2006,0;Bioenergy_135;CL02;Bioenergy;2006,0;0,0;1;0;0;10,0;25;1;61880;POINT (10.85416666666667 46.83333333333334);1,0;0;0;10,0;2783152;0,0;25;1,2;1;0,2;1;0;0;0;0;0;1;1;0,05;1;0;0,05;1;1,0;0;1,0;3,5;0,07;2000;5;0,3496503496503497;0,25;0,0
1998,0;Bioenergy_136;CL02;Bioenergy;1998,0;0,0;1;0;0;10,0;25;1;61880;POINT (10.11666666666667 47.00416666666667);1,0;0;0;10,0;2783152;0,0;25;1,2;1;0,2;1;0;0;0;0;0;1;1;0,05;1;0;0,05;1;1,0;0;1,0;3,5;0,07;2000;5;0,3496503496503497;0,25;0,0
2003,0;Bioenergy_137;CL02;Bioenergy;2003,0;0,0;1;0;0;10,0;25;1;61880;POINT (10.9375 46.8125);1,0;0;0;10,0;2783152;0,0;25;1,2;1;0,2;1;0;0;0;0;0;1;1;0,05;1;0;0,05;1;1,0;0;1,0;3,5;0,07;2000;5;0,3496503496503497;0,25;0,0
1995,0;Bioenergy_138;CL02;Bioenergy;1995,0;0,0;1;0;0;10,0;25;1;61880;POINT (11.07083333333333 46.86666666666667);1,0;0;0;10,0;2783152;0,0;25;1,2;1;0,2;1;0;0;0;0;0;1;1;0,05;1;0;0,05;1;1,0;0;1,0;3,5;0,07;2000;5;0,3496503496503497;0,25;0,0
2000,0;Bioenergy_139;CL02;Bioenergy;2000,0;0,0;1;0;0;6,0;25;1;61880;POINT (10.1375 47.1625);1,0;0;0;6,0;2783152;0,0;25;1,2;1;0,2;1;0;0;0;0;0;1;1;0,05;1;0;0,05;1;1,0;0;1,0;3,5;0,07;2000;5;0,3496503496503497;0,25;0,0
1994,0;Bioenergy_194;CL04;Bioenergy;1994,0;0,0;1;0;0;10,0;25;1;61880;POINT (16.5375 48.8125);1,0;0;0;10,0;2783152;0,0;25;1,2;1;0,2;1;0;0;0;0;0;1;1;0,05;1;0;0,05;1;1,0;0;1,0;3,5;0,07;2000;5;0,3496503496503497;0,25;0,0
2001,0;Bioenergy_1094;CL06;Bioenergy;2001,0;0,0;1;0;0;10,0;25;1;61880;POINT (16.47083333333333 47.3125);1,0;0;0;10,0;2783152;0,0;25;1,2;1;0,2;1;0;0;0;0;0;1;1;0,05;1;0;0,05;1;1,0;0;1,0;3,5;0,07;2000;5;0,3496503496503497;0,25;0,0
2002,0;Bioenergy_1481;CL06;Bioenergy;2002,0;0,0;1;0;0;10,0;25;1;61880;POINT (17.0875 48.05416666666667);1,0;0;0;10,0;2783152;0,0;25;1,2;1;0,2;1;0;0;0;0;0;1;1;0,05;1;0;0,05;1;1,0;0;1,0;3,5;0,07;2000;5;0,3496503496503497;0,25;0,0
1958,0;Hydro_1958;CL01;Hydro;;0,0;1;0;0;50,0;60;1;82930;;1,0;0;0;50,0;5551137;0,0;60;inf;1;0,0;0;0;0;0;0;0;1;1;1,0;1;0;1,0;1;1,0;0;1,0;5,0;0,07;1970;4;1,0;1,0;0,0
1959,0;Hydro_1959;CL00;Hydro;;0,0;1;0;0;50,0;60;1;82930;;1,0;0;0;50,0;5551137;0,0;60;inf;1;0,0;0;0;0;0;0;0;1;1;1,0;1;0;1,0;1;1,0;0;1,0;5,0;0,07;1970;4;1,0;1,0;0,0
1960,0;Hydro_1960;CL04;Hydro;;0,0;1;0;0;50,0;60;1;82930;;1,0;0;0;50,0;5551137;0,0;60;inf;1;0,0;0;0;0;0;0;0;1;1;1,0;1;0;1,0;1;1,0;0;1,0;5,0;0,07;1970;4;1,0;1,0;0,0
1961,0;Hydro_1961;CL01;Hydro;;0,0;1;0;0;100,0;60;1;82930;;1,0;0;0;100,0;5551137;0,0;60;inf;1;0,0;0;0;0;0;0;0;1;1;1,0;1;0;1,0;1;1,0;0;1,0;5,0;0,07;1970;4;1,0;1,0;0,0
1962,0;Hydro_1962;CL04;Hydro;;0,0;1;0;0;100,0;60;1;82930;;1,0;0;0;100,0;5551137;0,0;60;inf;1;0,0;0;0;0;0;0;0;1;1;1,0;1;0;1,0;1;1,0;0;1,0;5,0;0,07;1970;4;1,0;1,0;0,0
1962,0;Hydro_1962;CL05;Hydro;;0,0;1;0;0;100,0;60;1;82930;;1,0;0;0;100,0;5551137;0,0;60;inf;1;0,0;0;0;0;0;0;0;1;1;1,0;1;0;1,0;1;1,0;0;1,0;5,0;0,07;1970;4;1,0;1,0;0,0
1962,0;Hydro_1962;CL06;Hydro;;0,0;1;0;0;50,0;60;1;82930;;1,0;0;0;50,0;5551137;0,0;60;inf;1;0,0;0;0;0;0;0;0;1;1;1,0;1;0;1,0;1;1,0;0;1,0;5,0;0,07;1970;4;1,0;1,0;0,0
1963,0;Hydro_1963;CL00;Hydro;;0,0;1;0;0;50,0;60;1;82930;;1,0;0;0;50,0;5551137;0,0;60;inf;1;0,0;0;0;0;0;0;0;1;1;1,0;1;0;1,0;1;1,0;0;1,0;5,0;0,07;1970;4;1,0;1,0;0,0
1963,0;Hydro_1963;CL01;Hydro;;0,0;1;0;0;100,0;60;1;82930;;1,0;0;0;100,0;5551137;0,0;60;inf;1;0,0;0;0;0;0;0;0;1;1;1,0;1;0;1,0;1;1,0;0;1,0;5,0;0,07;1970;4;1,0;1,0;0,0
1963,0;Hydro_1963;CL03;Hydro;;0,0;1;0;0;100,0;60;1;82930;;1,0;0;0;100,0;5551137;0,0;60;inf;1;0,0;0;0;0;0;0;0;1;1;1,0;1;0;1,0;1;1,0;0;1,0;5,0;0,07;1970;4;1,0;1,0;0,0
1963,0;Hydro_1963;CL04;Hydro;;0,0;1;0;0;100,0;60;1;82930;;1,0;0;0;100,0;5551137;0,0;60;inf;1;0,0;0;0;0;0;0;0;1;1;1,0;1;0;1,0;1;1,0;0;1,0;5,0;0,07;1970;4;1,0;1,0;0,0
1963,0;Hydro_1963;CL06;Hydro;;0,0;1;0;0;100,0;60;1;82930;;1,0;0;0;100,0;5551137;0,0;60;inf;1;0,0;0;0;0;0;0;0;1;1;1,0;1;0;1,0;1;1,0;0;1,0;5,0;0,07;1970;4;1,0;1,0;0,0
1964,0;Hydro_1964;CL00;Hydro;;0,0;1;0;0;150,0;60;1;82930;;1,0;0;0;150,0;5551137;0,0;60;inf;1;0,0;0;0;0;0;0;0;1;1;1,0;1;0;1,0;1;1,0;0;1,0;5,0;0,07;1970;4;1,0;1,0;0,0
1964,0;Hydro_1964;CL01;Hydro;;0,0;1;0;0;150,0;60;1;82930;;1,0;0;0;150,0;5551137;0,0;60;inf;1;0,0;0;0;0;0;0;0;1;1;1,0;1;0;1,0;1;1,0;0;1,0;5,0;0,07;1970;4;1,0;1,0;0,0
1964,0;Hydro_1964;CL02;Hydro;;0,0;1;0;0;100,0;60;1;82930;;1,0;0;0;100,0;5551137;0,0;60;inf;1;0,0;0;0;0;0;0;0;1;1;1,0;1;0;1,0;1;1,0;0;1,0;5,0;0,07;1970;4;1,0;1,0;0,0
1964,0;Hydro_1964;CL03;Hydro;;0,0;1;0;0;50,0;60;1;82930;;1,0;0;0;50,0;5551137;0,0;60;inf;1;0,0;0;0;0;0;0;0;1;1;1,0;1;0;1,0;1;1,0;0;1,0;5,0;0,07;1970;4;1,0;1,0;0,0
1964,0;Hydro_1964;CL04;Hydro;;0,0;1;0;0;100,0;60;1;82930;;1,0;0;0;100,0;5551137;0,0;60;inf;1;0,0;0;0;0;0;0;0;1;1;1,0;1;0;1,0;1;1,0;0;1,0;5,0;0,07;1970;4;1,0;1,0;0,0
1964,0;Hydro_1964;CL05;Hydro;;0,0;1;0;0;100,0;60;1;82930;;1,0;0;0;100,0;5551137;0,0;60;inf;1;0,0;0;0;0;0;0;0;1;1;1,0;1;0;1,0;1;1,0;0;1,0;5,0;0,07;1970;4;1,0;1,0;0,0
1964,0;Hydro_1964;CL06;Hydro;;0,0;1;0;0;50,0;60;1;82930;;1,0;0;0;50,0;5551137;0,0;60;inf;1;0,0;0;0;0;0;0;0;1;1;1,0;1;0;1,0;1;1,0;0;1,0;5,0;0,07;1970;4;1,0;1,0;0,0
1965,0;Hydro_1965;CL00;Hydro;;0,0;1;0;0;150,0;60;1;82930;;1,0;0;0;150,0;5551137;0,0;60;inf;1;0,0;0;0;0;0;0;0;1;1;1,0;1;0;1,0;1;1,0;0;1,0;5,0;0,07;1970;4;1,0;1,0;0,0
1965,0;Hydro_1965;CL01;Hydro;;0,0;1;0;0;250,0;60;1;82930;;1,0;0;0;250,0;5551137;0,0;60;inf;1;0,0;0;0;0;0;0;0;1;1;1,0;1;0;1,0;1;1,0;0;1,0;5,0;0,07;1970;4;1,0;1,0;0,0
1965,0;Hydro_1965;CL02;Hydro;;0,0;1;0;0;150,0;60;1;82930;;1,0;0;0;150,0;5551137;0,0;60;inf;1;0,0;0;0;0;0;0;0;1;1;1,0;1;0;1,0;1;1,0;0;1,0;5,0;0,07;1970;4;1,0;1,0;0,0
1965,0;Hydro_1965;CL03;Hydro;;0,0;1;0;0;50,0;60;1;82930;;1,0;0;0;50,0;5551137;0,0;60;inf;1;0,0;0;0;0;0;0;0;1;1;1,0;1;0;1,0;1;1,0;0;1,0;5,0;0,07;1970;4;1,0;1,0;0,0
1965,0;Hydro_1965;CL04;Hydro;;0,0;1;0;0;150,0;60;1;82930;;1,0;0;0;150,0;5551137;0,0;60;inf;1;0,0;0;0;0;0;0;0;1;1;1,0;1;0;1,0;1;1,0;0;1,0;5,0;0,07;1970;4;1,0;1,0;0,0
1965,0;Hydro_1965;CL06;Hydro;;0,0;1;0;0;100,0;60;1;82930;;1,0;0;0;100,0;5551137;0,0;60;inf;1;0,0;0;0;0;0;0;0;1;1;1,0;1;0;1,0;1;1,0;0;1,0;5,0;0,07;1970;4;1,0;1,0;0,0
1966,0;Hydro_1966;CL00;Hydro;;0,0;1;0;0;250,0;60;1;82930;;1,0;0;0;250,0;5551137;0,0;60;inf;1;0,0;0;0;0;0;0;0;1;1;1,0;1;0;1,0;1;1,0;0;1,0;5,0;0,07;1970;4;1,0;1,0;0,0
1966,0;Hydro_1966;CL01;Hydro;;0,0;1;0;0;150,0;60;1;82930;;1,0;0;0;150,0;5551137;0,0;60;inf;1;0,0;0;0;0;0;0;0;1;1;1,0;1;0;1,0;1;1,0;0;1,0;5,0;0,07;1970;4;1,0;1,0;0,0
1966,0;Hydro_1966;CL02;Hydro;;0,0;1;0;0;275,0;60;1;82930;;1,0;0;0;275,0;5551137;0,0;60;inf;1;0,0;0;0;0;0;0;0;1;1;1,0;1;0;1,0;1;1,0;0;1,0;5,0;0,07;1970;4;1,0;1,0;0,0
1966,0;Hydro_1966;CL03;Hydro;;0,0;1;0;0;50,0;60;1;82930;;1,0;0;0;50,0;5551137;0,0;60;inf;1;0,0;0;0;0;0;0;0;1;1;1,0;1;0;1,0;1;1,0;0;1,0;5,0;0,07;1970;4;1,0;1,0;0,0
1966,0;Hydro_1966;CL04;Hydro;;0,0;1;0;0;150,0;60;1;82930;;1,0;0;0;150,0;5551137;0,0;60;inf;1;0,0;0;0;0;0;0;0;1;1;1,0;1;0;1,0;1;1,0;0;1,0;5,0;0,07;1970;4;1,0;1,0;0,0
1966,0;Hydro_1966;CL05;Hydro;;0,0;1;0;0;50,0;60;1;82930;;1,0;0;0;50,0;5551137;0,0;60;inf;1;0,0;0;0;0;0;0;0;1;1;1,0;1;0;1,0;1;1,0;0;1,0;5,0;0,07;1970;4;1,0;1,0;0,0
1966,0;Hydro_1966;CL06;Hydro;;0,0;1;0;0;250,0;60;1;82930;;1,0;0;0;250,0;5551137;0,0;60;inf;1;0,0;0;0;0;0;0;0;1;1;1,0;1;0;1,0;1;1,0;0;1,0;5,0;0,07;1970;4;1,0;1,0;0,0
1967,0;Hydro_1967;CL00;Hydro;;0,0;1;0;0;50,0;60;1;82930;;1,0;0;0;50,0;5551137;0,0;60;inf;1;0,0;0;0;0;0;0;0;1;1;1,0;1;0;1,0;1;1,0;0;1,0;5,0;0,07;1970;4;1,0;1,0;0,0
1967,0;Hydro_1967;CL01;Hydro;;0,0;1;0;0;50,0;60;1;82930;;1,0;0;0;50,0;5551137;0,0;60;inf;1;0,0;0;0;0;0;0;0;1;1;1,0;1;0;1,0;1;1,0;0;1,0;5,0;0,07;1970;4;1,0;1,0;0,0
1967,0;Hydro_1967;CL02;Hydro;;0,0;1;0;0;50,0;60;1;82930;;1,0;0;0;50,0;5551137;0,0;60;inf;1;0,0;0;0;0;0;0;0;1;1;1,0;1;0;1,0;1;1,0;0;1,0;5,0;0,07;1970;4;1,0;1,0;0,0
1967,0;Hydro_1967;CL03;Hydro;;0,0;1;0;0;100,0;60;1;82930;;1,0;0;0;100,0;5551137;0,0;60;inf;1;0,0;0;0;0;0;0;0;1;1;1,0;1;0;1,0;1;1,0;0;1,0;5,0;0,07;1970;4;1,0;1,0;0,0
1967,0;Hydro_1967;CL04;Hydro;;0,0;1;0;0;150,0;60;1;82930;;1,0;0;0;150,0;5551137;0,0;60;inf;1;0,0;0;0;0;0;0;0;1;1;1,0;1;0;1,0;1;1,0;0;1,0;5,0;0,07;1970;4;1,0;1,0;0,0
1967,0;Hydro_1967;CL05;Hydro;;0,0;1;0;0;100,0;60;1;82930;;1,0;0;0;100,0;5551137;0,0;60;inf;1;0,0;0;0;0;0;0;0;1;1;1,0;1;0;1,0;1;1,0;0;1,0;5,0;0,07;1970;4;1,0;1,0;0,0
1967,0;Hydro_1967;CL06;Hydro;;0,0;1;0;0;150,0;60;1;82930;;1,0;0;0;150,0;5551137;0,0;60;inf;1;0,0;0;0;0;0;0;0;1;1;1,0;1;0;1,0;1;1,0;0;1,0;5,0;0,07;1970;4;1,0;1,0;0,0
1968,0;Hydro_1968;CL00;Hydro;;0,0;1;0;0;200,0;60;1;82930;;1,0;0;0;200,0;5551137;0,0;60;inf;1;0,0;0;0;0;0;0;0;1;1;1,0;1;0;1,0;1;1,0;0;1,0;5,0;0,07;1970;4;1,0;1,0;0,0
1968,0;Hydro_1968;CL01;Hydro;;0,0;1;0;0;300,0;60;1;82930;;1,0;0;0;300,0;5551137;0,0;60;inf;1;0,0;0;0;0;0;0;0;1;1;1,0;1;0;1,0;1;1,0;0;1,0;5,0;0,07;1970;4;1,0;1,0;0,0
1968,0;Hydro_1968;CL02;Hydro;;0,0;1;0;0;400,0;60;1;82930;;1,0;0;0;400,0;5551137;0,0;60;inf;1;0,0;0;0;0;0;0;0;1;1;1,0;1;0;1,0;1;1,0;0;1,0;5,0;0,07;1970;4;1,0;1,0;0,0
1968,0;Hydro_1968;CL03;Hydro;;0,0;1;0;0;50,0;60;1;82930;;1,0;0;0;50,0;5551137;0,0;60;inf;1;0,0;0;0;0;0;0;0;1;1;1,0;1;0;1,0;1;1,0;0;1,0;5,0;0,07;1970;4;1,0;1,0;0,0
1968,0;Hydro_1968;CL04;Hydro;;0,0;1;0;0;300,0;60;1;82930;;1,0;0;0;300,0;5551137;0,0;60;inf;1;0,0;0;0;0;0;0;0;1;1;1,0;1;0;1,0;1;1,0;0;1,0;5,0;0,07;1970;4;1,0;1,0;0,0
1968,0;Hydro_1968;CL05;Hydro;;0,0;1;0;0;200,0;60;1;82930;;1,0;0;0;200,0;5551137;0,0;60;inf;1;0,0;0;0;0;0;0;0;1;1;1,0;1;0;1,0;1;1,0;0;1,0;5,0;0,07;1970;4;1,0;1,0;0,0
1968,0;Hydro_1968;CL06;Hydro;;0,0;1;0;0;100,0;60;1;82930;;1,0;0;0;100,0;5551137;0,0;60;inf;1;0,0;0;0;0;0;0;0;1;1;1,0;1;0;1,0;1;1,0;0;1,0;5,0;0,07;1970;4;1,0;1,0;0,0
1969,0;Hydro_1969;CL00;Hydro;;0,0;1;0;0;200,0;60;1;82930;;1,0;0;0;200,0;5551137;0,0;60;inf;1;0,0;0;0;0;0;0;0;1;1;1,0;1;0;1,0;1;1,0;0;1,0;5,0;0,07;1970;4;1,0;1,0;0,0
1969,0;Hydro_1969;CL01;Hydro;;0,0;1;0;0;350,0;60;1;82930;;1,0;0;0;350,0;5551137;0,0;60;inf;1;0,0;0;0;0;0;0;0;1;1;1,0;1;0;1,0;1;1,0;0;1,0;5,0;0,07;1970;4;1,0;1,0;0,0
1969,0;Hydro_1969;CL02;Hydro;;0,0;1;0;0;250,0;60;1;82930;;1,0;0;0;250,0;5551137;0,0;60;inf;1;0,0;0;0;0;0;0;0;1;1;1,0;1;0;1,0;1;1,0;0;1,0;5,0;0,07;1970;4;1,0;1,0;0,0
1969,0;Hydro_1969;CL03;Hydro;;0,0;1;0;0;50,0;60;1;82930;;1,0;0;0;50,0;5551137;0,0;60;inf;1;0,0;0;0;0;0;0;0;1;1;1,0;1;0;1,0;1;1,0;0;1,0;5,0;0,07;1970;4;1,0;1,0;0,0
1969,0;Hydro_1969;CL04;Hydro;;0,0;1;0;0;150,0;60;1;82930;;1,0;0;0;150,0;5551137;0,0;60;inf;1;0,0;0;0;0;0;0;0;1;1;1,0;1;0;1,0;1;1,0;0;1,0;5,0;0,07;1970;4;1,0;1,0;0,0
1969,0;Hydro_1969;CL05;Hydro;;0,0;1;0;0;50,0;60;1;82930;;1,0;0;0;50,0;5551137;0,0;60;inf;1;0,0;0;0;0;0;0;0;1;1;1,0;1;0;1,0;1;1,0;0;1,0;5,0;0,07;1970;4;1,0;1,0;0,0
1969,0;Hydro_1969;CL06;Hydro;;0,0;1;0;0;250,0;60;1;82930;;1,0;0;0;250,0;5551137;0,0;60;inf;1;0,0;0;0;0;0;0;0;1;1;1,0;1;0;1,0;1;1,0;0;1,0;5,0;0,07;1970;4;1,0;1,0;0,0
1970,0;Hydro_1970;CL00;Hydro;;0,0;1;0;0;200,0;60;1;82930;;1,0;0;0;200,0;5551137;0,0;60;inf;1;0,0;0;0;0;0;0;0;1;1;1,0;1;0;1,0;1;1,0;0;1,0;5,0;0,07;1970;4;1,0;1,0;0,0
1970,0;Hydro_1970;CL01;Hydro;;0,0;1;0;0;300,0;60;1;82930;;1,0;0;0;300,0;5551137;0,0;60;inf;1;0,0;0;0;0;0;0;0;1;1;1,0;1;0;1,0;1;1,0;0;1,0;5,0;0,07;1970;4;1,0;1,0;0,0
1970,0;Hydro_1970;CL02;Hydro;;0,0;1;0;0;150,0;60;1;82930;;1,0;0;0;150,0;5551137;0,0;60;inf;1;0,0;0;0;0;0;0;0;1;1;1,0;1;0;1,0;1;1,0;0;1,0;5,0;0,07;1970;4;1,0;1,0;0,0
1970,0;Hydro_1970;CL03;Hydro;;0,0;1;0;0;150,0;60;1;82930;;1,0;0;0;150,0;5551137;0,0;60;inf;1;0,0;0;0;0;0;0;0;1;1;1,0;1;0;1,0;1;1,0;0;1,0;5,0;0,07;1970;4;1,0;1,0;0,0
1970,0;Hydro_1970;CL04;Hydro;;0,0;1;0;0;250,0;60;1;82930;;1,0;0;0;250,0;5551137;0,0;60;inf;1;0,0;0;0;0;0;0;0;1;1;1,0;1;0;1,0;1;1,0;0;1,0;5,0;0,07;1970;4;1,0;1,0;0,0
1970,0;Hydro_1970;CL06;Hydro;;0,0;1;0;0;300,0;60;1;82930;;1,0;0;0;300,0;5551137;0,0;60;inf;1;0,0;0;0;0;0;0;0;1;1;1,0;1;0;1,0;1;1,0;0;1,0;5,0;0,07;1970;4;1,0;1,0;0,0
1971,0;Hydro_1971;CL00;Hydro;;0,0;1;0;0;150,0;60;1;82930;;1,0;0;0;150,0;5551137;0,0;60;inf;1;0,0;0;0;0;0;0;0;1;1;1,0;1;0;1,0;1;1,0;0;1,0;5,0;0,07;1970;4;1,0;1,0;0,0
1971,0;Hydro_1971;CL01;Hydro;;0,0;1;0;0;150,0;60;1;82930;;1,0;0;0;150,0;5551137;0,0;60;inf;1;0,0;0;0;0;0;0;0;1;1;1,0;1;0;1,0;1;1,0;0;1,0;5,0;0,07;1970;4;1,0;1,0;0,0
1971,0;Hydro_1971;CL02;Hydro;;0,0;1;0;0;200,0;60;1;82930;;1,0;0;0;200,0;5551137;0,0;60;inf;1;0,0;0;0;0;0;0;0;1;1;1,0;1;0;1,0;1;1,0;0;1,0;5,0;0,07;1970;4;1,0;1,0;0,0
1971,0;Hydro_1971;CL03;Hydro;;0,0;1;0;0;200,0;60;1;82930;;1,0;0;0;200,0;5551137;0,0;60;inf;1;0,0;0;0;0;0;0;0;1;1;1,0;1;0;1,0;1;1,0;0;1,0;5,0;0,07;1970;4;1,0;1,0;0,0
1971,0;Hydro_1971;CL04;Hydro;;0,0;1;0;0;200,0;60;1;82930;;1,0;0;0;200,0;5551137;0,0;60;inf;1;0,0;0;0;0;0;0;0;1;1;1,0;1;0;1,0;1;1,0;0;1,0;5,0;0,07;1970;4;1,0;1,0;0,0
1971,0;Hydro_1971;CL06;Hydro;;0,0;1;0;0;150,0;60;1;82930;;1,0;0;0;150,0;5551137;0,0;60;inf;1;0,0;0;0;0;0;0;0;1;1;1,0;1;0;1,0;1;1,0;0;1,0;5,0;0,07;1970;4;1,0;1,0;0,0
1972,0;Hydro_1972;CL00;Hydro;;0,0;1;0;0;150,0;60;1;82930;;1,0;0;0;150,0;5551137;0,0;60;inf;1;0,0;0;0;0;0;0;0;1;1;1,0;1;0;1,0;1;1,0;0;1,0;5,0;0,07;1970;4;1,0;1,0;0,0
1972,0;Hydro_1972;CL01;Hydro;;0,0;1;0;0;200,0;60;1;82930;;1,0;0;0;200,0;5551137;0,0;60;inf;1;0,0;0;0;0;0;0;0;1;1;1,0;1;0;1,0;1;1,0;0;1,0;5,0;0,07;1970;4;1,0;1,0;0,0
1972,0;Hydro_1972;CL02;Hydro;;0,0;1;0;0;100,0;60;1;82930;;1,0;0;0;100,0;5551137;0,0;60;inf;1;0,0;0;0;0;0;0;0;1;1;1,0;1;0;1,0;1;1,0;0;1,0;5,0;0,07;1970;4;1,0;1,0;0,0
1972,0;Hydro_1972;CL03;Hydro;;0,0;1;0;0;50,0;60;1;82930;;1,0;0;0;50,0;5551137;0,0;60;inf;1;0,0;0;0;0;0;0;0;1;1;1,0;1;0;1,0;1;1,0;0;1,0;5,0;0,07;1970;4;1,0;1,0;0,0
1972,0;Hydro_1972;CL04;Hydro;;0,0;1;0;0;250,0;60;1;82930;;1,0;0;0;250,0;5551137;0,0;60;inf;1;0,0;0;0;0;0;0;0;1;1;1,0;1;0;1,0;1;1,0;0;1,0;5,0;0,07;1970;4;1,0;1,0;0,0
1972,0;Hydro_1972;CL05;Hydro;;0,0;1;0;0;100,0;60;1;82930;;1,0;0;0;100,0;5551137;0,0;60;inf;1;0,0;0;0;0;0;0;0;1;1;1,0;1;0;1,0;1;1,0;0;1,0;5,0;0,07;1970;4;1,0;1,0;0,0
1972,0;Hydro_1972;CL06;Hydro;;0,0;1;0;0;250,0;60;1;82930;;1,0;0;0;250,0;5551137;0,0;60;inf;1;0,0;0;0;0;0;0;0;1;1;1,0;1;0;1,0;1;1,0;0;1,0;5,0;0,07;1970;4;1,0;1,0;0,0
1973,0;Hydro_1973;CL00;Hydro;;0,0;1;0;0;150,0;60;1;82930;;1,0;0;0;150,0;5551137;0,0;60;inf;1;0,0;0;0;0;0;0;0;1;1;1,0;1;0;1,0;1;1,0;0;1,0;5,0;0,07;1970;4;1,0;1,0;0,0
1973,0;Hydro_1973;CL01;Hydro;;0,0;1;0;0;300,0;60;1;82930;;1,0;0;0;300,0;5551137;0,0;60;inf;1;0,0;0;0;0;0;0;0;1;1;1,0;1;0;1,0;1;1,0;0;1,0;5,0;0,07;1970;4;1,0;1,0;0,0
1973,0;Hydro_1973;CL02;Hydro;;0,0;1;0;0;100,0;60;1;82930;;1,0;0;0;100,0;5551137;0,0;60;inf;1;0,0;0;0;0;0;0;0;1;1;1,0;1;0;1,0;1;1,0;0;1,0;5,0;0,07;1970;4;1,0;1,0;0,0
1973,0;Hydro_1973;CL03;Hydro;;0,0;1;0;0;50,0;60;1;82930;;1,0;0;0;50,0;5551137;0,0;60;inf;1;0,0;0;0;0;0;0;0;1;1;1,0;1;0;1,0;1;1,0;0;1,0;5,0;0,07;1970;4;1,0;1,0;0,0
1973,0;Hydro_1973;CL04;Hydro;;0,0;1;0;0;150,0;60;1;82930;;1,0;0;0;150,0;5551137;0,0;60;inf;1;0,0;0;0;0;0;0;0;1;1;1,0;1;0;1,0;1;1,0;0;1,0;5,0;0,07;1970;4;1,0;1,0;0,0
1973,0;Hydro_1973;CL05;Hydro;;0,0;1;0;0;50,0;60;1;82930;;1,0;0;0;50,0;5551137;0,0;60;inf;1;0,0;0;0;0;0;0;0;1;1;1,0;1;0;1,0;1;1,0;0;1,0;5,0;0,07;1970;4;1,0;1,0;0,0
1973,0;Hydro_1973;CL06;Hydro;;0,0;1;0;0;50,0;60;1;82930;;1,0;0;0;50,0;5551137;0,0;60;inf;1;0,0;0;0;0;0;0;0;1;1;1,0;1;0;1,0;1;1,0;0;1,0;5,0;0,07;1970;4;1,0;1,0;0,0
1974,0;Hydro_1974;CL00;Hydro;;0,0;1;0;0;150,0;60;1;82930;;1,0;0;0;150,0;5551137;0,0;60;inf;1;0,0;0;0;0;0;0;0;1;1;1,0;1;0;1,0;1;1,0;0;1,0;5,0;0,07;1970;4;1,0;1,0;0,0
1974,0;Hydro_1974;CL01;Hydro;;0,0;1;0;0;150,0;60;1;82930;;1,0;0;0;150,0;5551137;0,0;60;inf;1;0,0;0;0;0;0;0;0;1;1;1,0;1;0;1,0;1;1,0;0;1,0;5,0;0,07;1970;4;1,0;1,0;0,0
1974,0;Hydro_1974;CL02;Hydro;;0,0;1;0;0;100,0;60;1;82930;;1,0;0;0;100,0;5551137;0,0;60;inf;1;0,0;0;0;0;0;0;0;1;1;1,0;1;0;1,0;1;1,0;0;1,0;5,0;0,07;1970;4;1,0;1,0;0,0
1974,0;Hydro_1974;CL03;Hydro;;0,0;1;0;0;50,0;60;1;82930;;1,0;0;0;50,0;5551137;0,0;60;inf;1;0,0;0;0;0;0;0;0;1;1;1,0;1;0;1,0;1;1,0;0;1,0;5,0;0,07;1970;4;1,0;1,0;0,0
1974,0;Hydro_1974;CL04;Hydro;;0,0;1;0;0;100,0;60;1;82930;;1,0;0;0;100,0;5551137;0,0;60;inf;1;0,0;0;0;0;0;0;0;1;1;1,0;1;0;1,0;1;1,0;0;1,0;5,0;0,07;1970;4;1,0;1,0;0,0
1974,0;Hydro_1974;CL06;Hydro;;0,0;1;0;0;50,0;60;1;82930;;1,0;0;0;50,0;5551137;0,0;60;inf;1;0,0;0;0;0;0;0;0;1;1;1,0;1;0;1,0;1;1,0;0;1,0;5,0;0,07;1970;4;1,0;1,0;0,0
1975,0;Hydro_1975;CL00;Hydro;;0,0;1;0;0;50,0;60;1;82930;;1,0;0;0;50,0;5551137;0,0;60;inf;1;0,0;0;0;0;0;0;0;1;1;1,0;1;0;1,0;1;1,0;0;1,0;5,0;0,07;1970;4;1,0;1,0;0,0
1975,0;Hydro_1975;CL01;Hydro;;0,0;1;0;0;100,0;60;1;82930;;1,0;0;0;100,0;5551137;0,0;60;inf;1;0,0;0;0;0;0;0;0;1;1;1,0;1;0;1,0;1;1,0;0;1,0;5,0;0,07;1970;4;1,0;1,0;0,0
1975,0;Hydro_1975;CL03;Hydro;;0,0;1;0;0;100,0;60;1;82930;;1,0;0;0;100,0;5551137;0,0;60;inf;1;0,0;0;0;0;0;0;0;1;1;1,0;1;0;1,0;1;1,0;0;1,0;5,0;0,07;1970;4;1,0;1,0;0,0
1975,0;Hydro_1975;CL06;Hydro;;0,0;1;0;0;50,0;60;1;82930;;1,0;0;0;50,0;5551137;0,0;60;inf;1;0,0;0;0;0;0;0;0;1;1;1,0;1;0;1,0;1;1,0;0;1,0;5,0;0,07;1970;4;1,0;1,0;0,0
1976,0;Hydro_1976;CL00;Hydro;;0,0;1;0;0;100,0;60;1;82930;;1,0;0;0;100,0;5551137;0,0;60;inf;1;0,0;0;0;0;0;0;0;1;1;1,0;1;0;1,0;1;1,0;0;1,0;5,0;0,07;1970;4;1,0;1,0;0,0
1976,0;Hydro_1976;CL01;Hydro;;0,0;1;0;0;150,0;60;1;82930;;1,0;0;0;150,0;5551137;0,0;60;inf;1;0,0;0;0;0;0;0;0;1;1;1,0;1;0;1,0;1;1,0;0;1,0;5,0;0,07;1970;4;1,0;1,0;0,0
1976,0;Hydro_1976;CL02;Hydro;;0,0;1;0;0;100,0;60;1;82930;;1,0;0;0;100,0;5551137;0,0;60;inf;1;0,0;0;0;0;0;0;0;1;1;1,0;1;0;1,0;1;1,0;0;1,0;5,0;0,07;1970;4;1,0;1,0;0,0
1976,0;Hydro_1976;CL03;Hydro;;0,0;1;0;0;100,0;60;1;82930;;1,0;0;0;100,0;5551137;0,0;60;inf;1;0,0;0;0;0;0;0;0;1;1;1,0;1;0;1,0;1;1,0;0;1,0;5,0;0,07;1970;4;1,0;1,0;0,0
1976,0;Hydro_1976;CL04;Hydro;;0,0;1;0;0;50,0;60;1;82930;;1,0;0;0;50,0;5551137;0,0;60;inf;1;0,0;0;0;0;0;0;0;1;1;1,0;1;0;1,0;1;1,0;0;1,0;5,0;0,07;1970;4;1,0;1,0;0,0
1976,0;Hydro_1976;CL06;Hydro;;0,0;1;0;0;50,0;60;1;82930;;1,0;0;0;50,0;5551137;0,0;60;inf;1;0,0;0;0;0;0;0;0;1;1;1,0;1;0;1,0;1;1,0;0;1,0;5,0;0,07;1970;4;1,0;1,0;0,0
1977,0;Hydro_1977;CL00;Hydro;;0,0;1;0;0;50,0;60;1;82930;;1,0;0;0;50,0;5551137;0,0;60;inf;1;0,0;0;0;0;0;0;0;1;1;1,0;1;0;1,0;1;1,0;0;1,0;5,0;0,07;1970;4;1,0;1,0;0,0
1977,0;Hydro_1977;CL01;Hydro;;0,0;1;0;0;50,0;60;1;82930;;1,0;0;0;50,0;5551137;0,0;60;inf;1;0,0;0;0;0;0;0;0;1;1;1,0;1;0;1,0;1;1,0;0;1,0;5,0;0,07;1970;4;1,0;1,0;0,0
1977,0;Hydro_1977;CL02;Hydro;;0,0;1;0;0;50,0;60;1;82930;;1,0;0;0;50,0;5551137;0,0;60;inf;1;0,0;0;0;0;0;0;0;1;1;1,0;1;0;1,0;1;1,0;0;1,0;5,0;0,07;1970;4;1,0;1,0;0,0
1977,0;Hydro_1977;CL06;Hydro;;0,0;1;0;0;50,0;60;1;82930;;1,0;0;0;50,0;5551137;0,0;60;inf;1;0,0;0;0;0;0;0;0;1;1;1,0;1;0;1,0;1;1,0;0;1,0;5,0;0,07;1970;4;1,0;1,0;0,0
1978,0;Hydro_1978;CL03;Hydro;;0,0;1;0;0;50,0;60;1;82930;;1,0;0;0;50,0;5551137;0,0;60;inf;1;0,0;0;0;0;0;0;0;1;1;1,0;1;0;1,0;1;1,0;0;1,0;5,0;0,07;1970;4;1,0;1,0;0,0
1979,0;Hydro_1979;CL06;Hydro;;0,0;1;0;0;50,0;60;1;82930;;1,0;0;0;50,0;5551137;0,0;60;inf;1;0,0;0;0;0;0;0;0;1;1;1,0;1;0;1,0;1;1,0;0;1,0;5,0;0,07;1970;4;1,0;1,0;0,0
1981,0;Hydro_1981;CL02;Hydro;;0,0;1;0;0;50,0;60;1;82930;;1,0;0;0;50,0;5551137;0,0;60;inf;1;0,0;0;0;0;0;0;0;1;1;1,0;1;0;1,0;1;1,0;0;1,0;5,0;0,07;1970;4;1,0;1,0;0,0
1981,0;Hydro_1981;CL04;Hydro;;0,0;1;0;0;50,0;60;1;82930;;1,0;0;0;50,0;5551137;0,0;60;inf;1;0,0;0;0;0;0;0;0;1;1;1,0;1;0;1,0;1;1,0;0;1,0;5,0;0,07;1970;4;1,0;1,0;0,0
2003,0;Solar_2003;CL00;Solar;;0,0;1;14000;0;5,0;25;1;15790;;1,0;0;0;5,0;889892;0,0;25;inf;1;0,0;0;0;0;0;0;0;1;1;1,0;1;0;1,0;1;1,0;0;1,0;0,0;0,07;2009;2;1,0;1,0;0,0
2004,0;Solar_2004;CL01;Solar;;0,0;1;14000;0;5,0;25;1;15790;;1,0;0;0;5,0;889892;0,0;25;inf;1;0,0;0;0;0;0;0;0;1;1;1,0;1;0;1,0;1;1,0;0;1,0;0,0;0,07;2009;2;1,0;1,0;0,0
2004,0;Solar_2004;CL02;Solar;;0,0;1;14000;0;15,0;25;1;15790;;1,0;0;0;15,0;889892;0,0;25;inf;1;0,0;0;0;0;0;0;0;1;1;1,0;1;0;1,0;1;1,0;0;1,0;0,0;0,07;2009;2;1,0;1,0;0,0
2004,0;Solar_2004;CL04;Solar;;0,0;1;14000;0;5,0;25;1;15790;;1,0;0;0;5,0;889892;0,0;25;inf;1;0,0;0;0;0;0;0;0;1;1;1,0;1;0;1,0;1;1,0;0;1,0;0,0;0,07;2009;2;1,0;1,0;0,0
2005,0;Solar_2005;CL00;Solar;;0,0;1;14000;0;15,0;25;1;15790;;1,0;0;0;15,0;889892;0,0;25;inf;1;0,0;0;0;0;0;0;0;1;1;1,0;1;0;1,0;1;1,0;0;1,0;0,0;0,07;2009;2;1,0;1,0;0,0
2005,0;Solar_2005;CL01;Solar;;0,0;1;14000;0;10,0;25;1;15790;;1,0;0;0;10,0;889892;0,0;25;inf;1;0,0;0;0;0;0;0;0;1;1;1,0;1;0;1,0;1;1,0;0;1,0;0,0;0,07;2009;2;1,0;1,0;0,0
2005,0;Solar_2005;CL04;Solar;;0,0;1;14000;0;15,0;25;1;15790;;1,0;0;0;15,0;889892;0,0;25;inf;1;0,0;0;0;0;0;0;0;1;1;1,0;1;0;1,0;1;1,0;0;1,0;0,0;0,07;2009;2;1,0;1,0;0,0
2005,0;Solar_2005;CL06;Solar;;0,0;1;14000;0;5,0;25;1;15790;;1,0;0;0;5,0;889892;0,0;25;inf;1;0,0;0;0;0;0;0;0;1;1;1,0;1;0;1,0;1;1,0;0;1,0;0,0;0,07;2009;2;1,0;1,0;0,0
2006,0;Solar_2006;CL00;Solar;;0,0;1;14000;0;5,0;25;1;15790;;1,0;0;0;5,0;889892;0,0;25;inf;1;0,0;0;0;0;0;0;0;1;1;1,0;1;0;1,0;1;1,0;0;1,0;0,0;0,07;2009;2;1,0;1,0;0,0
2006,0;Solar_2006;CL01;Solar;;0,0;1;14000;0;5,0;25;1;15790;;1,0;0;0;5,0;889892;0,0;25;inf;1;0,0;0;0;0;0;0;0;1;1;1,0;1;0;1,0;1;1,0;0;1,0;0,0;0,07;2009;2;1,0;1,0;0,0
2006,0;Solar_2006;CL02;Solar;;0,0;1;14000;0;40,0;25;1;15790;;1,0;0;0;40,0;889892;0,0;25;inf;1;0,0;0;0;0;0;0;0;1;1;1,0;1;0;1,0;1;1,0;0;1,0;0,0;0,07;2009;2;1,0;1,0;0,0
2006,0;Solar_2006;CL03;Solar;;0,0;1;14000;0;5,0;25;1;15790;;1,0;0;0;5,0;889892;0,0;25;inf;1;0,0;0;0;0;0;0;0;1;1;1,0;1;0;1,0;1;1,0;0;1,0;0,0;0,07;2009;2;1,0;1,0;0,0
2006,0;Solar_2006;CL04;Solar;;0,0;1;14000;0;15,0;25;1;15790;;1,0;0;0;15,0;889892;0,0;25;inf;1;0,0;0;0;0;0;0;0;1;1;1,0;1;0;1,0;1;1,0;0;1,0;0,0;0,07;2009;2;1,0;1,0;0,0
2006,0;Solar_2006;CL06;Solar;;0,0;1;14000;0;10,0;25;1;15790;;1,0;0;0;10,0;889892;0,0;25;inf;1;0,0;0;0;0;0;0;0;1;1;1,0;1;0;1,0;1;1,0;0;1,0;0,0;0,07;2009;2;1,0;1,0;0,0
2007,0;Solar_2007;CL00;Solar;;0,0;1;14000;0;15,0;25;1;15790;;1,0;0;0;15,0;889892;0,0;25;inf;1;0,0;0;0;0;0;0;0;1;1;1,0;1;0;1,0;1;1,0;0;1,0;0,0;0,07;2009;2;1,0;1,0;0,0
2007,0;Solar_2007;CL01;Solar;;0,0;1;14000;0;35,0;25;1;15790;;1,0;0;0;35,0;889892;0,0;25;inf;1;0,0;0;0;0;0;0;0;1;1;1,0;1;0;1,0;1;1,0;0;1,0;0,0;0,07;2009;2;1,0;1,0;0,0
2007,0;Solar_2007;CL02;Solar;;0,0;1;14000;0;55,0;25;1;15790;;1,0;0;0;55,0;889892;0,0;25;inf;1;0,0;0;0;0;0;0;0;1;1;1,0;1;0;1,0;1;1,0;0;1,0;0,0;0,07;2009;2;1,0;1,0;0,0
2007,0;Solar_2007;CL03;Solar;;0,0;1;14000;0;5,0;25;1;15790;;1,0;0;0;5,0;889892;0,0;25;inf;1;0,0;0;0;0;0;0;0;1;1;1,0;1;0;1,0;1;1,0;0;1,0;0,0;0,07;2009;2;1,0;1,0;0,0
2007,0;Solar_2007;CL04;Solar;;0,0;1;14000;0;20,0;25;1;15790;;1,0;0;0;20,0;889892;0,0;25;inf;1;0,0;0;0;0;0;0;0;1;1;1,0;1;0;1,0;1;1,0;0;1,0;0,0;0,07;2009;2;1,0;1,0;0,0
2007,0;Solar_2007;CL06;Solar;;0,0;1;14000;0;5,0;25;1;15790;;1,0;0;0;5,0;889892;0,0;25;inf;1;0,0;0;0;0;0;0;0;1;1;1,0;1;0;1,0;1;1,0;0;1,0;0,0;0,07;2009;2;1,0;1,0;0,0
2008,0;Solar_2008;CL00;Solar;;0,0;1;14000;0;55,0;25;1;15790;;1,0;0;0;55,0;889892;0,0;25;inf;1;0,0;0;0;0;0;0;0;1;1;1,0;1;0;1,0;1;1,0;0;1,0;0,0;0,07;2009;2;1,0;1,0;0,0
2008,0;Solar_2008;CL01;Solar;;0,0;1;14000;0;35,0;25;1;15790;;1,0;0;0;35,0;889892;0,0;25;inf;1;0,0;0;0;0;0;0;0;1;1;1,0;1;0;1,0;1;1,0;0;1,0;0,0;0,07;2009;2;1,0;1,0;0,0
2008,0;Solar_2008;CL02;Solar;;0,0;1;14000;0;60,0;25;1;15790;;1,0;0;0;60,0;889892;0,0;25;inf;1;0,0;0;0;0;0;0;0;1;1;1,0;1;0;1,0;1;1,0;0;1,0;0,0;0,07;2009;2;1,0;1,0;0,0
2008,0;Solar_2008;CL03;Solar;;0,0;1;14000;0;15,0;25;1;15790;;1,0;0;0;15,0;889892;0,0;25;inf;1;0,0;0;0;0;0;0;0;1;1;1,0;1;0;1,0;1;1,0;0;1,0;0,0;0,07;2009;2;1,0;1,0;0,0
2008,0;Solar_2008;CL04;Solar;;0,0;1;14000;0;40,0;25;1;15790;;1,0;0;0;40,0;889892;0,0;25;inf;1;0,0;0;0;0;0;0;0;1;1;1,0;1;0;1,0;1;1,0;0;1,0;0,0;0,07;2009;2;1,0;1,0;0,0
2008,0;Solar_2008;CL06;Solar;;0,0;1;14000;0;45,0;25;1;15790;;1,0;0;0;45,0;889892;0,0;25;inf;1;0,0;0;0;0;0;0;0;1;1;1,0;1;0;1,0;1;1,0;0;1,0;0,0;0,07;2009;2;1,0;1,0;0,0
2009,0;Solar_2009;CL00;Solar;;0,0;1;14000;0;50,0;25;1;15790;;1,0;0;0;50,0;889892;0,0;25;inf;1;0,0;0;0;0;0;0;0;1;1;1,0;1;0;1,0;1;1,0;0;1,0;0,0;0,07;2009;2;1,0;1,0;0,0
2009,0;Solar_2009;CL01;Solar;;0,0;1;14000;0;30,0;25;1;15790;;1,0;0;0;30,0;889892;0,0;25;inf;1;0,0;0;0;0;0;0;0;1;1;1,0;1;0;1,0;1;1,0;0;1,0;0,0;0,07;2009;2;1,0;1,0;0,0
2009,0;Solar_2009;CL02;Solar;;0,0;1;14000;0;25,0;25;1;15790;;1,0;0;0;25,0;889892;0,0;25;inf;1;0,0;0;0;0;0;0;0;1;1;1,0;1;0;1,0;1;1,0;0;1,0;0,0;0,07;2009;2;1,0;1,0;0,0
2009,0;Solar_2009;CL03;Solar;;0,0;1;14000;0;15,0;25;1;15790;;1,0;0;0;15,0;889892;0,0;25;inf;1;0,0;0;0;0;0;0;0;1;1;1,0;1;0;1,0;1;1,0;0;1,0;0,0;0,07;2009;2;1,0;1,0;0,0
2009,0;Solar_2009;CL04;Solar;;0,0;1;14000;0;50,0;25;1;15790;;1,0;0;0;50,0;889892;0,0;25;inf;1;0,0;0;0;0;0;0;0;1;1;1,0;1;0;1,0;1;1,0;0;1,0;0,0;0,07;2009;2;1,0;1,0;0,0
2009,0;Solar_2009;CL06;Solar;;0,0;1;14000;0;40,0;25;1;15790;;1,0;0;0;40,0;889892;0,0;25;inf;1;0,0;0;0;0;0;0;0;1;1;1,0;1;0;1,0;1;1,0;0;1,0;0,0;0,07;2009;2;1,0;1,0;0,0
2010,0;Solar_2010;CL00;Solar;;0,0;1;14000;0;50,0;25;1;15790;;1,0;0;0;50,0;889892;0,0;25;inf;1;0,0;0;0;0;0;0;0;1;1;1,0;1;0;1,0;1;1,0;0;1,0;0,0;0,07;2009;2;1,0;1,0;0,0
2010,0;Solar_2010;CL01;Solar;;0,0;1;14000;0;35,0;25;1;15790;;1,0;0;0;35,0;889892;0,0;25;inf;1;0,0;0;0;0;0;0;0;1;1;1,0;1;0;1,0;1;1,0;0;1,0;0,0;0,07;2009;2;1,0;1,0;0,0
2010,0;Solar_2010;CL02;Solar;;0,0;1;14000;0;37,0;25;1;15790;;1,0;0;0;37,0;889892;0,0;25;inf;1;0,0;0;0;0;0;0;0;1;1;1,0;1;0;1,0;1;1,0;0;1,0;0,0;0,07;2009;2;1,0;1,0;0,0
2010,0;Solar_2010;CL04;Solar;;0,0;1;14000;0;5,0;25;1;15790;;1,0;0;0;5,0;889892;0,0;25;inf;1;0,0;0;0;0;0;0;0;1;1;1,0;1;0;1,0;1;1,0;0;1,0;0,0;0,07;2009;2;1,0;1,0;0,0
2010,0;Solar_2010;CL06;Solar;;0,0;1;14000;0;15,0;25;1;15790;;1,0;0;0;15,0;889892;0,0;25;inf;1;0,0;0;0;0;0;0;0;1;1;1,0;1;0;1,0;1;1,0;0;1,0;0,0;0,07;2009;2;1,0;1,0;0,0
2011,0;Solar_2011;CL00;Solar;;0,0;1;14000;0;5,0;25;1;15790;;1,0;0;0;5,0;889892;0,0;25;inf;1;0,0;0;0;0;0;0;0;1;1;1,0;1;0;1,0;1;1,0;0;1,0;0,0;0,07;2009;2;1,0;1,0;0,0
2011,0;Solar_2011;CL01;Solar;;0,0;1;14000;0;35,0;25;1;15790;;1,0;0;0;35,0;889892;0,0;25;inf;1;0,0;0;0;0;0;0;0;1;1;1,0;1;0;1,0;1;1,0;0;1,0;0,0;0,07;2009;2;1,0;1,0;0,0
2011,0;Solar_2011;CL02;Solar;;0,0;1;14000;0;15,0;25;1;15790;;1,0;0;0;15,0;889892;0,0;25;inf;1;0,0;0;0;0;0;0;0;1;1;1,0;1;0;1,0;1;1,0;0;1,0;0,0;0,07;2009;2;1,0;1,0;0,0
2011,0;Solar_2011;CL03;Solar;;0,0;1;14000;0;20,0;25;1;15790;;1,0;0;0;20,0;889892;0,0;25;inf;1;0,0;0;0;0;0;0;0;1;1;1,0;1;0;1,0;1;1,0;0;1,0;0,0;0,07;2009;2;1,0;1,0;0,0
2011,0;Solar_2011;CL04;Solar;;0,0;1;14000;0;10,0;25;1;15790;;1,0;0;0;10,0;889892;0,0;25;inf;1;0,0;0;0;0;0;0;0;1;1;1,0;1;0;1,0;1;1,0;0;1,0;0,0;0,07;2009;2;1,0;1,0;0,0
2011,0;Solar_2011;CL06;Solar;;0,0;1;14000;0;15,0;25;1;15790;;1,0;0;0;15,0;889892;0,0;25;inf;1;0,0;0;0;0;0;0;0;1;1;1,0;1;0;1,0;1;1,0;0;1,0;0,0;0,07;2009;2;1,0;1,0;0,0
2012,0;Solar_2012;CL00;Solar;;0,0;1;14000;0;5,0;25;1;15790;;1,0;0;0;5,0;889892;0,0;25;inf;1;0,0;0;0;0;0;0;0;1;1;1,0;1;0;1,0;1;1,0;0;1,0;0,0;0,07;2009;2;1,0;1,0;0,0
2012,0;Solar_2012;CL02;Solar;;0,0;1;14000;0;5,0;25;1;15790;;1,0;0;0;5,0;889892;0,0;25;inf;1;0,0;0;0;0;0;0;0;1;1;1,0;1;0;1,0;1;1,0;0;1,0;0,0;0,07;2009;2;1,0;1,0;0,0
2012,0;Solar_2012;CL03;Solar;;0,0;1;14000;0;5,0;25;1;15790;;1,0;0;0;5,0;889892;0,0;25;inf;1;0,0;0;0;0;0;0;0;1;1;1,0;1;0;1,0;1;1,0;0;1,0;0,0;0,07;2009;2;1,0;1,0;0,0
2012,0;Solar_2012;CL04;Solar;;0,0;1;14000;0;5,0;25;1;15790;;1,0;0;0;5,0;889892;0,0;25;inf;1;0,0;0;0;0;0;0;0;1;1;1,0;1;0;1,0;1;1,0;0;1,0;0,0;0,07;2009;2;1,0;1,0;0,0
2012,0;Solar_2012;CL06;Solar;;0,0;1;14000;0;5,0;25;1;15790;;1,0;0;0;5,0;889892;0,0;25;inf;1;0,0;0;0;0;0;0;0;1;1;1,0;1;0;1,0;1;1,0;0;1,0;0,0;0,07;2009;2;1,0;1,0;0,0
2013,0;Solar_2013;CL00;Solar;;0,0;1;14000;0;5,0;25;1;15790;;1,0;0;0;5,0;889892;0,0;25;inf;1;0,0;0;0;0;0;0;0;1;1;1,0;1;0;1,0;1;1,0;0;1,0;0,0;0,07;2009;2;1,0;1,0;0,0
2014,0;Solar_2014;CL01;Solar;;0,0;1;14000;0;5,0;25;1;15790;;1,0;0;0;5,0;889892;0,0;25;inf;1;0,0;0;0;0;0;0;0;1;1;1,0;1;0;1,0;1;1,0;0;1,0;0,0;0,07;2009;2;1,0;1,0;0,0
2015,0;Solar_2015;CL00;Solar;;0,0;1;14000;0;5,0;25;1;15790;;1,0;0;0;5,0;889892;0,0;25;inf;1;0,0;0;0;0;0;0;0;1;1;1,0;1;0;1,0;1;1,0;0;1,0;0,0;0,07;2009;2;1,0;1,0;0,0
1996,0;WindOn_1996;CL06;WindOn;;0,0;1;125000;0;10,0;25;1;36260;;1,0;0;0;10,0;1395019;0,0;25;inf;1;0,0;0;0;0;0;0;0;1;1;1,0;1;0;1,0;1;1,0;0;1,0;0,0;0,07;2006;3;1,0;1,0;0,0
1998,0;WindOn_1998;CL00;WindOn;;0,0;1;125000;0;10,0;25;1;36260;;1,0;0;0;10,0;1395019;0,0;25;inf;1;0,0;0;0;0;0;0;0;1;1;1,0;1;0;1,0;1;1,0;0;1,0;0,0;0,07;2006;3;1,0;1,0;0,0
1998,0;WindOn_1998;CL01;WindOn;;0,0;1;125000;0;10,0;25;1;36260;;1,0;0;0;10,0;1395019;0,0;25;inf;1;0,0;0;0;0;0;0;0;1;1;1,0;1;0;1,0;1;1,0;0;1,0;0,0;0,07;2006;3;1,0;1,0;0,0
1998,0;WindOn_1998;CL02;WindOn;;0,0;1;125000;0;10,0;25;1;36260;;1,0;0;0;10,0;1395019;0,0;25;inf;1;0,0;0;0;0;0;0;0;1;1;1,0;1;0;1,0;1;1,0;0;1,0;0,0;0,07;2006;3;1,0;1,0;0,0
1998,0;WindOn_1998;CL05;WindOn;;0,0;1;125000;0;10,0;25;1;36260;;1,0;0;0;10,0;1395019;0,0;25;inf;1;0,0;0;0;0;0;0;0;1;1;1,0;1;0;1,0;1;1,0;0;1,0;0,0;0,07;2006;3;1,0;1,0;0,0
1999,0;WindOn_1999;CL06;WindOn;;0,0;1;125000;0;10,0;25;1;36260;;1,0;0;0;10,0;1395019;0,0;25;inf;1;0,0;0;0;0;0;0;0;1;1;1,0;1;0;1,0;1;1,0;0;1,0;0,0;0,07;2006;3;1,0;1,0;0,0
2000,0;WindOn_2000;CL02;WindOn;;0,0;1;125000;0;30,0;25;1;36260;;1,0;0;0;30,0;1395019;0,0;25;inf;1;0,0;0;0;0;0;0;0;1;1;1,0;1;0;1,0;1;1,0;0;1,0;0,0;0,07;2006;3;1,0;1,0;0,0
2000,0;WindOn_2000;CL05;WindOn;;0,0;1;125000;0;20,0;25;1;36260;;1,0;0;0;20,0;1395019;0,0;25;inf;1;0,0;0;0;0;0;0;0;1;1;1,0;1;0;1,0;1;1,0;0;1,0;0,0;0,07;2006;3;1,0;1,0;0,0
2001,0;WindOn_2001;CL00;WindOn;;0,0;1;125000;0;20,0;25;1;36260;;1,0;0;0;20,0;1395019;0,0;25;inf;1;0,0;0;0;0;0;0;0;1;1;1,0;1;0;1,0;1;1,0;0;1,0;0,0;0,07;2006;3;1,0;1,0;0,0
2001,0;WindOn_2001;CL01;WindOn;;0,0;1;125000;0;30,0;25;1;36260;;1,0;0;0;30,0;1395019;0,0;25;inf;1;0,0;0;0;0;0;0;0;1;1;1,0;1;0;1,0;1;1,0;0;1,0;0,0;0,07;2006;3;1,0;1,0;0,0
2001,0;WindOn_2001;CL02;WindOn;;0,0;1;125000;0;30,0;25;1;36260;;1,0;0;0;30,0;1395019;0,0;25;inf;1;0,0;0;0;0;0;0;0;1;1;1,0;1;0;1,0;1;1,0;0;1,0;0,0;0,07;2006;3;1,0;1,0;0,0
2001,0;WindOn_2001;CL04;WindOn;;0,0;1;125000;0;50,0;25;1;36260;;1,0;0;0;50,0;1395019;0,0;25;inf;1;0,0;0;0;0;0;0;0;1;1;1,0;1;0;1,0;1;1,0;0;1,0;0,0;0,07;2006;3;1,0;1,0;0,0
2001,0;WindOn_2001;CL05;WindOn;;0,0;1;125000;0;10,0;25;1;36260;;1,0;0;0;10,0;1395019;0,0;25;inf;1;0,0;0;0;0;0;0;0;1;1;1,0;1;0;1,0;1;1,0;0;1,0;0,0;0,07;2006;3;1,0;1,0;0,0
2001,0;WindOn_2001;CL06;WindOn;;0,0;1;125000;0;10,0;25;1;36260;;1,0;0;0;10,0;1395019;0,0;25;inf;1;0,0;0;0;0;0;0;0;1;1;1,0;1;0;1,0;1;1,0;0;1,0;0,0;0,07;2006;3;1,0;1,0;0,0
2002,0;WindOn_2002;CL00;WindOn;;0,0;1;125000;0;10,0;25;1;36260;;1,0;0;0;10,0;1395019;0,0;25;inf;1;0,0;0;0;0;0;0;0;1;1;1,0;1;0;1,0;1;1,0;0;1,0;0,0;0,07;2006;3;1,0;1,0;0,0
2002,0;WindOn_2002;CL02;WindOn;;0,0;1;125000;0;30,0;25;1;36260;;1,0;0;0;30,0;1395019;0,0;25;inf;1;0,0;0;0;0;0;0;0;1;1;1,0;1;0;1,0;1;1,0;0;1,0;0,0;0,07;2006;3;1,0;1,0;0,0
2002,0;WindOn_2002;CL03;WindOn;;0,0;1;125000;0;10,0;25;1;36260;;1,0;0;0;10,0;1395019;0,0;25;inf;1;0,0;0;0;0;0;0;0;1;1;1,0;1;0;1,0;1;1,0;0;1,0;0,0;0,07;2006;3;1,0;1,0;0,0
2002,0;WindOn_2002;CL04;WindOn;;0,0;1;125000;0;60,0;25;1;36260;;1,0;0;0;60,0;1395019;0,0;25;inf;1;0,0;0;0;0;0;0;0;1;1;1,0;1;0;1,0;1;1,0;0;1,0;0,0;0,07;2006;3;1,0;1,0;0,0
2002,0;WindOn_2002;CL05;WindOn;;0,0;1;125000;0;30,0;25;1;36260;;1,0;0;0;30,0;1395019;0,0;25;inf;1;0,0;0;0;0;0;0;0;1;1;1,0;1;0;1,0;1;1,0;0;1,0;0,0;0,07;2006;3;1,0;1,0;0,0
2002,0;WindOn_2002;CL06;WindOn;;0,0;1;125000;0;40,0;25;1;36260;;1,0;0;0;40,0;1395019;0,0;25;inf;1;0,0;0;0;0;0;0;0;1;1;1,0;1;0;1,0;1;1,0;0;1,0;0,0;0,07;2006;3;1,0;1,0;0,0
2003,0;WindOn_2003;CL00;WindOn;;0,0;1;125000;0;60,0;25;1;36260;;1,0;0;0;60,0;1395019;0,0;25;inf;1;0,0;0;0;0;0;0;0;1;1;1,0;1;0;1,0;1;1,0;0;1,0;0,0;0,07;2006;3;1,0;1,0;0,0
2003,0;WindOn_2003;CL01;WindOn;;0,0;1;125000;0;20,0;25;1;36260;;1,0;0;0;20,0;1395019;0,0;25;inf;1;0,0;0;0;0;0;0;0;1;1;1,0;1;0;1,0;1;1,0;0;1,0;0,0;0,07;2006;3;1,0;1,0;0,0
2003,0;WindOn_2003;CL02;WindOn;;0,0;1;125000;0;30,0;25;1;36260;;1,0;0;0;30,0;1395019;0,0;25;inf;1;0,0;0;0;0;0;0;0;1;1;1,0;1;0;1,0;1;1,0;0;1,0;0,0;0,07;2006;3;1,0;1,0;0,0
2003,0;WindOn_2003;CL03;WindOn;;0,0;1;125000;0;10,0;25;1;36260;;1,0;0;0;10,0;1395019;0,0;25;inf;1;0,0;0;0;0;0;0;0;1;1;1,0;1;0;1,0;1;1,0;0;1,0;0,0;0,07;2006;3;1,0;1,0;0,0
2003,0;WindOn_2003;CL04;WindOn;;0,0;1;125000;0;70,0;25;1;36260;;1,0;0;0;70,0;1395019;0,0;25;inf;1;0,0;0;0;0;0;0;0;1;1;1,0;1;0;1,0;1;1,0;0;1,0;0,0;0,07;2006;3;1,0;1,0;0,0
2003,0;WindOn_2003;CL05;WindOn;;0,0;1;125000;0;10,0;25;1;36260;;1,0;0;0;10,0;1395019;0,0;25;inf;1;0,0;0;0;0;0;0;0;1;1;1,0;1;0;1,0;1;1,0;0;1,0;0,0;0,07;2006;3;1,0;1,0;0,0
2003,0;WindOn_2003;CL06;WindOn;;0,0;1;125000;0;10,0;25;1;36260;;1,0;0;0;10,0;1395019;0,0;25;inf;1;0,0;0;0;0;0;0;0;1;1;1,0;1;0;1,0;1;1,0;0;1,0;0,0;0,07;2006;3;1,0;1,0;0,0
2004,0;WindOn_2004;CL00;WindOn;;0,0;1;125000;0;30,0;25;1;36260;;1,0;0;0;30,0;1395019;0,0;25;inf;1;0,0;0;0;0;0;0;0;1;1;1,0;1;0;1,0;1;1,0;0;1,0;0,0;0,07;2006;3;1,0;1,0;0,0
2004,0;WindOn_2004;CL01;WindOn;;0,0;1;125000;0;90,0;25;1;36260;;1,0;0;0;90,0;1395019;0,0;25;inf;1;0,0;0;0;0;0;0;0;1;1;1,0;1;0;1,0;1;1,0;0;1,0;0,0;0,07;2006;3;1,0;1,0;0,0
2004,0;WindOn_2004;CL02;WindOn;;0,0;1;125000;0;40,0;25;1;36260;;1,0;0;0;40,0;1395019;0,0;25;inf;1;0,0;0;0;0;0;0;0;1;1;1,0;1;0;1,0;1;1,0;0;1,0;0,0;0,07;2006;3;1,0;1,0;0,0
2004,0;WindOn_2004;CL03;WindOn;;0,0;1;125000;0;30,0;25;1;36260;;1,0;0;0;30,0;1395019;0,0;25;inf;1;0,0;0;0;0;0;0;0;1;1;1,0;1;0;1,0;1;1,0;0;1,0;0,0;0,07;2006;3;1,0;1,0;0,0
2004,0;WindOn_2004;CL04;WindOn;;0,0;1;125000;0;40,0;25;1;36260;;1,0;0;0;40,0;1395019;0,0;25;inf;1;0,0;0;0;0;0;0;0;1;1;1,0;1;0;1,0;1;1,0;0;1,0;0,0;0,07;2006;3;1,0;1,0;0,0
2004,0;WindOn_2004;CL05;WindOn;;0,0;1;125000;0;40,0;25;1;36260;;1,0;0;0;40,0;1395019;0,0;25;inf;1;0,0;0;0;0;0;0;0;1;1;1,0;1;0;1,0;1;1,0;0;1,0;0,0;0,07;2006;3;1,0;1,0;0,0
2004,0;WindOn_2004;CL06;WindOn;;0,0;1;125000;0;10,0;25;1;36260;;1,0;0;0;10,0;1395019;0,0;25;inf;1;0,0;0;0;0;0;0;0;1;1;1,0;1;0;1,0;1;1,0;0;1,0;0,0;0,07;2006;3;1,0;1,0;0,0
2005,0;WindOn_2005;CL00;WindOn;;0,0;1;125000;0;79,0;25;1;36260;;1,0;0;0;79,0;1395019;0,0;25;inf;1;0,0;0;0;0;0;0;0;1;1;1,0;1;0;1,0;1;1,0;0;1,0;0,0;0,07;2006;3;1,0;1,0;0,0
2005,0;WindOn_2005;CL01;WindOn;;0,0;1;125000;0;30,0;25;1;36260;;1,0;0;0;30,0;1395019;0,0;25;inf;1;0,0;0;0;0;0;0;0;1;1;1,0;1;0;1,0;1;1,0;0;1,0;0,0;0,07;2006;3;1,0;1,0;0,0
2005,0;WindOn_2005;CL02;WindOn;;0,0;1;125000;0;100,0;25;1;36260;;1,0;0;0;100,0;1395019;0,0;25;inf;1;0,0;0;0;0;0;0;0;1;1;1,0;1;0;1,0;1;1,0;0;1,0;0,0;0,07;2006;3;1,0;1,0;0,0
2005,0;WindOn_2005;CL03;WindOn;;0,0;1;125000;0;30,0;25;1;36260;;1,0;0;0;30,0;1395019;0,0;25;inf;1;0,0;0;0;0;0;0;0;1;1;1,0;1;0;1,0;1;1,0;0;1,0;0,0;0,07;2006;3;1,0;1,0;0,0
2005,0;WindOn_2005;CL04;WindOn;;0,0;1;125000;0;50,0;25;1;36260;;1,0;0;0;50,0;1395019;0,0;25;inf;1;0,0;0;0;0;0;0;0;1;1;1,0;1;0;1,0;1;1,0;0;1,0;0,0;0,07;2006;3;1,0;1,0;0,0
2005,0;WindOn_2005;CL05;WindOn;;0,0;1;125000;0;100,0;25;1;36260;;1,0;0;0;100,0;1395019;0,0;25;inf;1;0,0;0;0;0;0;0;0;1;1;1,0;1;0;1,0;1;1,0;0;1,0;0,0;0,07;2006;3;1,0;1,0;0,0
2005,0;WindOn_2005;CL06;WindOn;;0,0;1;125000;0;40,0;25;1;36260;;1,0;0;0;40,0;1395019;0,0;25;inf;1;0,0;0;0;0;0;0;0;1;1;1,0;1;0;1,0;1;1,0;0;1,0;0,0;0,07;2006;3;1,0;1,0;0,0
2006,0;WindOn_2006;CL00;WindOn;;0,0;1;125000;0;140,0;25;1;36260;;1,0;0;0;140,0;1395019;0,0;25;inf;1;0,0;0;0;0;0;0;0;1;1;1,0;1;0;1,0;1;1,0;0;1,0;0,0;0,07;2006;3;1,0;1,0;0,0
2006,0;WindOn_2006;CL01;WindOn;;0,0;1;125000;0;40,0;25;1;36260;;1,0;0;0;40,0;1395019;0,0;25;inf;1;0,0;0;0;0;0;0;0;1;1;1,0;1;0;1,0;1;1,0;0;1,0;0,0;0,07;2006;3;1,0;1,0;0,0
2006,0;WindOn_2006;CL02;WindOn;;0,0;1;125000;0;40,0;25;1;36260;;1,0;0;0;40,0;1395019;0,0;25;inf;1;0,0;0;0;0;0;0;0;1;1;1,0;1;0;1,0;1;1,0;0;1,0;0,0;0,07;2006;3;1,0;1,0;0,0
2006,0;WindOn_2006;CL03;WindOn;;0,0;1;125000;0;30,0;25;1;36260;;1,0;0;0;30,0;1395019;0,0;25;inf;1;0,0;0;0;0;0;0;0;1;1;1,0;1;0;1,0;1;1,0;0;1,0;0,0;0,07;2006;3;1,0;1,0;0,0
2006,0;WindOn_2006;CL04;WindOn;;0,0;1;125000;0;70,0;25;1;36260;;1,0;0;0;70,0;1395019;0,0;25;inf;1;0,0;0;0;0;0;0;0;1;1;1,0;1;0;1,0;1;1,0;0;1,0;0,0;0,07;2006;3;1,0;1,0;0,0
2006,0;WindOn_2006;CL05;WindOn;;0,0;1;125000;0;50,0;25;1;36260;;1,0;0;0;50,0;1395019;0,0;25;inf;1;0,0;0;0;0;0;0;0;1;1;1,0;1;0;1,0;1;1,0;0;1,0;0,0;0,07;2006;3;1,0;1,0;0,0
2007,0;WindOn_2007;CL00;WindOn;;0,0;1;125000;0;30,0;25;1;36260;;1,0;0;0;30,0;1395019;0,0;25;inf;1;0,0;0;0;0;0;0;0;1;1;1,0;1;0;1,0;1;1,0;0;1,0;0,0;0,07;2006;3;1,0;1,0;0,0
2007,0;WindOn_2007;CL01;WindOn;;0,0;1;125000;0;30,0;25;1;36260;;1,0;0;0;30,0;1395019;0,0;25;inf;1;0,0;0;0;0;0;0;0;1;1;1,0;1;0;1,0;1;1,0;0;1,0;0,0;0,07;2006;3;1,0;1,0;0,0
2007,0;WindOn_2007;CL02;WindOn;;0,0;1;125000;0;80,0;25;1;36260;;1,0;0;0;80,0;1395019;0,0;25;inf;1;0,0;0;0;0;0;0;0;1;1;1,0;1;0;1,0;1;1,0;0;1,0;0,0;0,07;2006;3;1,0;1,0;0,0
2007,0;WindOn_2007;CL03;WindOn;;0,0;1;125000;0;30,0;25;1;36260;;1,0;0;0;30,0;1395019;0,0;25;inf;1;0,0;0;0;0;0;0;0;1;1;1,0;1;0;1,0;1;1,0;0;1,0;0,0;0,07;2006;3;1,0;1,0;0,0
2007,0;WindOn_2007;CL04;WindOn;;0,0;1;125000;0;40,0;25;1;36260;;1,0;0;0;40,0;1395019;0,0;25;inf;1;0,0;0;0;0;0;0;0;1;1;1,0;1;0;1,0;1;1,0;0;1,0;0,0;0,07;2006;3;1,0;1,0;0,0
2007,0;WindOn_2007;CL05;WindOn;;0,0;1;125000;0;80,0;25;1;36260;;1,0;0;0;80,0;1395019;0,0;25;inf;1;0,0;0;0;0;0;0;0;1;1;1,0;1;0;1,0;1;1,0;0;1,0;0,0;0,07;2006;3;1,0;1,0;0,0
2008,0;WindOn_2008;CL00;WindOn;;0,0;1;125000;0;10,0;25;1;36260;;1,0;0;0;10,0;1395019;0,0;25;inf;1;0,0;0;0;0;0;0;0;1;1;1,0;1;0;1,0;1;1,0;0;1,0;0,0;0,07;2006;3;1,0;1,0;0,0
2008,0;WindOn_2008;CL01;WindOn;;0,0;1;125000;0;10,0;25;1;36260;;1,0;0;0;10,0;1395019;0,0;25;inf;1;0,0;0;0;0;0;0;0;1;1;1,0;1;0;1,0;1;1,0;0;1,0;0,0;0,07;2006;3;1,0;1,0;0,0
2008,0;WindOn_2008;CL02;WindOn;;0,0;1;125000;0;30,0;25;1;36260;;1,0;0;0;30,0;1395019;0,0;25;inf;1;0,0;0;0;0;0;0;0;1;1;1,0;1;0;1,0;1;1,0;0;1,0;0,0;0,07;2006;3;1,0;1,0;0,0
2008,0;WindOn_2008;CL03;WindOn;;0,0;1;125000;0;20,0;25;1;36260;;1,0;0;0;20,0;1395019;0,0;25;inf;1;0,0;0;0;0;0;0;0;1;1;1,0;1;0;1,0;1;1,0;0;1,0;0,0;0,07;2006;3;1,0;1,0;0,0
2008,0;WindOn_2008;CL04;WindOn;;0,0;1;125000;0;30,0;25;1;36260;;1,0;0;0;30,0;1395019;0,0;25;inf;1;0,0;0;0;0;0;0;0;1;1;1,0;1;0;1,0;1;1,0;0;1,0;0,0;0,07;2006;3;1,0;1,0;0,0
2008,0;WindOn_2008;CL05;WindOn;;0,0;1;125000;0;90,0;25;1;36260;;1,0;0;0;90,0;1395019;0,0;25;inf;1;0,0;0;0;0;0;0;0;1;1;1,0;1;0;1,0;1;1,0;0;1,0;0,0;0,07;2006;3;1,0;1,0;0,0
2008,0;WindOn_2008;CL06;WindOn;;0,0;1;125000;0;10,0;25;1;36260;;1,0;0;0;10,0;1395019;0,0;25;inf;1;0,0;0;0;0;0;0;0;1;1;1,0;1;0;1,0;1;1,0;0;1,0;0,0;0,07;2006;3;1,0;1,0;0,0
2009,0;WindOn_2009;CL00;WindOn;;0,0;1;125000;0;50,0;25;1;36260;;1,0;0;0;50,0;1395019;0,0;25;inf;1;0,0;0;0;0;0;0;0;1;1;1,0;1;0;1,0;1;1,0;0;1,0;0,0;0,07;2006;3;1,0;1,0;0,0
2009,0;WindOn_2009;CL01;WindOn;;0,0;1;125000;0;20,0;25;1;36260;;1,0;0;0;20,0;1395019;0,0;25;inf;1;0,0;0;0;0;0;0;0;1;1;1,0;1;0;1,0;1;1,0;0;1,0;0,0;0,07;2006;3;1,0;1,0;0,0
2009,0;WindOn_2009;CL02;WindOn;;0,0;1;125000;0;30,0;25;1;36260;;1,0;0;0;30,0;1395019;0,0;25;inf;1;0,0;0;0;0;0;0;0;1;1;1,0;1;0;1,0;1;1,0;0;1,0;0,0;0,07;2006;3;1,0;1,0;0,0
2009,0;WindOn_2009;CL03;WindOn;;0,0;1;125000;0;10,0;25;1;36260;;1,0;0;0;10,0;1395019;0,0;25;inf;1;0,0;0;0;0;0;0;0;1;1;1,0;1;0;1,0;1;1,0;0;1,0;0,0;0,07;2006;3;1,0;1,0;0,0
2009,0;WindOn_2009;CL04;WindOn;;0,0;1;125000;0;10,0;25;1;36260;;1,0;0;0;10,0;1395019;0,0;25;inf;1;0,0;0;0;0;0;0;0;1;1;1,0;1;0;1,0;1;1,0;0;1,0;0,0;0,07;2006;3;1,0;1,0;0,0
2009,0;WindOn_2009;CL05;WindOn;;0,0;1;125000;0;30,0;25;1;36260;;1,0;0;0;30,0;1395019;0,0;25;inf;1;0,0;0;0;0;0;0;0;1;1;1,0;1;0;1,0;1;1,0;0;1,0;0,0;0,07;2006;3;1,0;1,0;0,0
2010,0;WindOn_2010;CL00;WindOn;;0,0;1;125000;0;20,0;25;1;36260;;1,0;0;0;20,0;1395019;0,0;25;inf;1;0,0;0;0;0;0;0;0;1;1;1,0;1;0;1,0;1;1,0;0;1,0;0,0;0,07;2006;3;1,0;1,0;0,0
2010,0;WindOn_2010;CL01;WindOn;;0,0;1;125000;0;20,0;25;1;36260;;1,0;0;0;20,0;1395019;0,0;25;inf;1;0,0;0;0;0;0;0;0;1;1;1,0;1;0;1,0;1;1,0;0;1,0;0,0;0,07;2006;3;1,0;1,0;0,0
2010,0;WindOn_2010;CL02;WindOn;;0,0;1;125000;0;30,0;25;1;36260;;1,0;0;0;30,0;1395019;0,0;25;inf;1;0,0;0;0;0;0;0;0;1;1;1,0;1;0;1,0;1;1,0;0;1,0;0,0;0,07;2006;3;1,0;1,0;0,0
2010,0;WindOn_2010;CL03;WindOn;;0,0;1;125000;0;10,0;25;1;36260;;1,0;0;0;10,0;1395019;0,0;25;inf;1;0,0;0;0;0;0;0;0;1;1;1,0;1;0;1,0;1;1,0;0;1,0;0,0;0,07;2006;3;1,0;1,0;0,0
2010,0;WindOn_2010;CL04;WindOn;;0,0;1;125000;0;30,0;25;1;36260;;1,0;0;0;30,0;1395019;0,0;25;inf;1;0,0;0;0;0;0;0;0;1;1;1,0;1;0;1,0;1;1,0;0;1,0;0,0;0,07;2006;3;1,0;1,0;0,0
2010,0;WindOn_2010;CL06;WindOn;;0,0;1;125000;0;30,0;25;1;36260;;1,0;0;0;30,0;1395019;0,0;25;inf;1;0,0;0;0;0;0;0;0;1;1;1,0;1;0;1,0;1;1,0;0;1,0;0,0;0,07;2006;3;1,0;1,0;0,0
2011,0;WindOn_2011;CL02;WindOn;;0,0;1;125000;0;30,0;25;1;36260;;1,0;0;0;30,0;1395019;0,0;25;inf;1;0,0;0;0;0;0;0;0;1;1;1,0;1;0;1,0;1;1,0;0;1,0;0,0;0,07;2006;3;1,0;1,0;0,0
2011,0;WindOn_2011;CL04;WindOn;;0,0;1;125000;0;10,0;25;1;36260;;1,0;0;0;10,0;1395019;0,0;25;inf;1;0,0;0;0;0;0;0;0;1;1;1,0;1;0;1,0;1;1,0;0;1,0;0,0;0,07;2006;3;1,0;1,0;0,0
2012,0;WindOn_2012;CL05;WindOn;;0,0;1;125000;0;10,0;25;1;36260;;1,0;0;0;10,0;1395019;0,0;25;inf;1;0,0;0;0;0;0;0;0;1;1;1,0;1;0;1,0;1;1,0;0;1,0;0,0;0,07;2006;3;1,0;1,0;0,0
2013,0;WindOn_2013;CL00;WindOn;;0,0;1;125000;0;20,0;25;1;36260;;1,0;0;0;20,0;1395019;0,0;25;inf;1;0,0;0;0;0;0;0;0;1;1;1,0;1;0;1,0;1;1,0;0;1,0;0,0;0,07;2006;3;1,0;1,0;0,0
2013,0;WindOn_2013;CL04;WindOn;;0,0;1;125000;0;10,0;25;1;36260;;1,0;0;0;10,0;1395019;0,0;25;inf;1;0,0;0;0;0;0;0;0;1;1;1,0;1;0;1,0;1;1,0;0;1,0;0,0;0,07;2006;3;1,0;1,0;0,0
2013,0;WindOn_2013;CL05;WindOn;;0,0;1;125000;0;10,0;25;1;36260;;1,0;0;0;10,0;1395019;0,0;25;inf;1;0,0;0;0;0;0;0;0;1;1;1,0;1;0;1,0;1;1,0;0;1,0;0,0;0,07;2006;3;1,0;1,0;0,0
2014,0;WindOn_2014;CL04;WindOn;;0,0;1;125000;0;10,0;25;1;36260;;1,0;0;0;10,0;1395019;0,0;25;inf;1;0,0;0;0;0;0;0;0;1;1;1,0;1;0;1,0;1;1,0;0;1,0;0,0;0,07;2006;3;1,0;1,0;0,0
2015,0;Gas_2015;CL00;Gas;;0,3;1;0;0;inf;30;5;21250;;0,2;60;0;0,0;850000;0,1;30;4,8;1;0,2;1;0;0;0;0;0;1;1;0,05;1;0;0,05;1;0,5;40;0,5;2,0;0,07;1990;8;0,5988023952095809;0,4273504273504274;0,17964071856287425
2015,0;Solar_2015;CL00;Solar;;0,0;1;14000;0;inf;25;1;15790;;1,0;0;0;0,0;889892;0,0;25;inf;1;0,0;0;0;0;0;0;0;1;1;1,0;1;0;1,0;1;1,0;0;1,0;0,0;0,07;2009;2;1,0;1,0;0,0
2015,0;WindOn_2015;CL00;WindOn;;0,0;1;125000;0;inf;25;1;36260;;1,0;0;0;0,0;1395019;0,0;25;inf;1;0,0;0;0;0;0;0;0;1;1;1,0;1;0;1,0;1;1,0;0;1,0;0,0;0,07;2006;3;1,0;1,0;0,0
2015,0;Gas_2015;CL01;Gas;;0,3;1;0;0;inf;30;5;21250;;0,2;60;0;0,0;850000;0,1;30;4,8;1;0,2;1;0;0;0;0;0;1;1;0,05;1;0;0,05;1;0,5;40;0,5;2,0;0,07;1990;8;0,5988023952095809;0,4273504273504274;0,17964071856287425
2015,0;Solar_2015;CL01;Solar;;0,0;1;14000;0;inf;25;1;15790;;1,0;0;0;0,0;889892;0,0;25;inf;1;0,0;0;0;0;0;0;0;1;1;1,0;1;0;1,0;1;1,0;0;1,0;0,0;0,07;2009;2;1,0;1,0;0,0
2015,0;WindOn_2015;CL01;WindOn;;0,0;1;125000;0;inf;25;1;36260;;1,0;0;0;0,0;1395019;0,0;25;inf;1;0,0;0;0;0;0;0;0;1;1;1,0;1;0;1,0;1;1,0;0;1,0;0,0;0,07;2006;3;1,0;1,0;0,0
2015,0;Gas_2015;CL02;Gas;;0,3;1;0;0;inf;30;5;21250;;0,2;60;0;0,0;850000;0,1;30;4,8;1;0,2;1;0;0;0;0;0;1;1;0,05;1;0;0,05;1;0,5;40;0,5;2,0;0,07;1990;8;0,5988023952095809;0,4273504273504274;0,17964071856287425
2015,0;Solar_2015;CL02;Solar;;0,0;1;14000;0;inf;25;1;15790;;1,0;0;0;0,0;889892;0,0;25;inf;1;0,0;0;0;0;0;0;0;1;1;1,0;1;0;1,0;1;1,0;0;1,0;0,0;0,07;2009;2;1,0;1,0;0,0
2015,0;WindOn_2015;CL02;WindOn;;0,0;1;125000;0;inf;25;1;36260;;1,0;0;0;0,0;1395019;0,0;25;inf;1;0,0;0;0;0;0;0;0;1;1;1,0;1;0;1,0;1;1,0;0;1,0;0,0;0,07;2006;3;1,0;1,0;0,0
2015,0;Gas_2015;CL03;Gas;;0,3;1;0;0;inf;30;5;21250;;0,2;60;0;0,0;850000;0,1;30;4,8;1;0,2;1;0;0;0;0;0;1;1;0,05;1;0;0,05;1;0,5;40;0,5;2,0;0,07;1990;8;0,5988023952095809;0,4273504273504274;0,17964071856287425
2015,0;Solar_2015;CL03;Solar;;0,0;1;14000;0;inf;25;1;15790;;1,0;0;0;0,0;889892;0,0;25;inf;1;0,0;0;0;0;0;0;0;1;1;1,0;1;0;1,0;1;1,0;0;1,0;0,0;0,07;2009;2;1,0;1,0;0,0
2015,0;WindOn_2015;CL03;WindOn;;0,0;1;125000;0;inf;25;1;36260;;1,0;0;0;0,0;1395019;0,0;25;inf;1;0,0;0;0;0;0;0;0;1;1;1,0;1;0;1,0;1;1,0;0;1,0;0,0;0,07;2006;3;1,0;1,0;0,0
2015,0;Gas_2015;CL04;Gas;;0,3;1;0;0;inf;30;5;21250;;0,2;60;0;0,0;850000;0,1;30;4,8;1;0,2;1;0;0;0;0;0;1;1;0,05;1;0;0,05;1;0,5;40;0,5;2,0;0,07;1990;8;0,5988023952095809;0,4273504273504274;0,17964071856287425
2015,0;Solar_2015;CL04;Solar;;0,0;1;14000;0;inf;25;1;15790;;1,0;0;0;0,0;889892;0,0;25;inf;1;0,0;0;0;0;0;0;0;1;1;1,0;1;0;1,0;1;1,0;0;1,0;0,0;0,07;2009;2;1,0;1,0;0,0
2015,0;WindOn_2015;CL04;WindOn;;0,0;1;125000;0;inf;25;1;36260;;1,0;0;0;0,0;1395019;0,0;25;inf;1;0,0;0;0;0;0;0;0;1;1;1,0;1;0;1,0;1;1,0;0;1,0;0,0;0,07;2006;3;1,0;1,0;0,0
2015,0;Gas_2015;CL05;Gas;;0,3;1;0;0;inf;30;5;21250;;0,2;60;0;0,0;850000;0,1;30;4,8;1;0,2;1;0;0;0;0;0;1;1;0,05;1;0;0,05;1;0,5;40;0,5;2,0;0,07;1990;8;0,5988023952095809;0,4273504273504274;0,17964071856287425
2015,0;Solar_2015;CL05;Solar;;0,0;1;14000;0;inf;25;1;15790;;1,0;0;0;0,0;889892;0,0;25;inf;1;0,0;0;0;0;0;0;0;1;1;1,0;1;0;1,0;1;1,0;0;1,0;0,0;0,07;2009;2;1,0;1,0;0,0
2015,0;WindOn_2015;CL05;WindOn;;0,0;1;125000;0;inf;25;1;36260;;1,0;0;0;0,0;1395019;0,0;25;inf;1;0,0;0;0;0;0;0;0;1;1;1,0;1;0;1,0;1;1,0;0;1,0;0,0;0,07;2006;3;1,0;1,0;0,0
2015,0;Gas_2015;CL06;Gas;;0,3;1;0;0;inf;30;5;21250;;0,2;60;0;0,0;850000;0,1;30;4,8;1;0,2;1;0;0;0;0;0;1;1;0,05;1;0;0,05;1;0,5;40;0,5;2,0;0,07;1990;8;0,5988023952095809;0,4273504273504274;0,17964071856287425
2015,0;Solar_2015;CL06;Solar;;0,0;1;14000;0;inf;25;1;15790;;1,0;0;0;0,0;889892;0,0;25;inf;1;0,0;0;0;0;0;0;0;1;1;1,0;1;0;1,0;1;1,0;0;1,0;0,0;0,07;2009;2;1,0;1,0;0,0
2015,0;WindOn_2015;CL06;WindOn;;0,0;1;125000;0;inf;25;1;36260;;1,0;0;0;0,0;1395019;0,0;25;inf;1;0,0;0;0;0;0;0;0;1;1;1,0;1;0;1,0;1;1,0;0;1,0;0,0;0,07;2006;3;1,0;1,0;0,0
